"id","Keyword","Name","Full_Address","Street_Address","City","Zip","Municipality","Country","Timezone","Description","Summary","Phone_1","Phone_Standard_format","Phone_From_WEBSITE","Email_From_WEBSITE","Website","Domain","First_category","Second_category","Claimed_google_my_business","Reviews_count","Average_rating","Price","Business_Status","Hours","Latitude","Longitude","Coordinates","Plus_Code","Place_ID","GMB_URL","CID","Google_Knowledge_URL","Kgmid","Image_URL","Favicon","Review_URL","Facebook_URL","Linkedin_URL","Twitter_URL","Instagram_URL","Youtube_URL","Meta_Description","Uuid","Created_At","Session_Start_Time"
"1","shop ,Dhaka","ঢাকা শপ","200/4 Hazi Goli  Shyamoli 2 No Road. Dhaka 1207 Shyamoli  1207","200/4 Hazi Goli  Shyamoli 2 No Road. Dhaka 1207 Shyamoli","ঢাকা","1207","1207","BD","Asia/Dhaka"," "," ","01917749960","01917-749960"," "," ",,,"ঘরোয়া সামগ্রীর দোকান"," ","No","1","5"," ","open","মঙ্গলবার, ৯:০০AM-২:০০AM; বুধবার, ৯:০০AM-২:০০AM; বৃহস্পতিবার, ৯:০০AM-২:০০AM; শুক্রবার, Closed; শনিবার, ৯:০০AM-২:০০AM; রবিবার, ৯:০০AM-২:০০AM; সোমবার, ৯:০০AM-২:০০AM; ","Lat 23.7436795","Lng 90.3854447","23.7436795,90.3854447","7MMGP9VP+F5G","ChIJy8_81ZK5VTcR_jE3jLOxA0I","https://www.google.com/maps/place/?q=place_id:ChIJy8_81ZK5VTcR_jE3jLOxA0I","4756841016143065598","https://www.google.com/search?kgmid=/g/11rcy0v8wh","/g/11rcy0v8wh","https://streetviewpixels-pa.googleapis.com/v1/thumbnail?panoid"," ","https://search.google.com/local/reviews?placeid=ChIJy8_81ZK5VTcR_jE3jLOxA0I&q=shop+,Dhaka&authuser=0&hl=bn&gl=BD"," "," "," "," "," "," ","0ahUKEwiT2O6E6puVAxVTxTgGHbHXBCIQ8BcICygG","1782165015153","1782165012537"
"2","shop ,Dhaka","বিডি শপ","G3  Ground Floor  Pubali Bank Building  307 নিউ এলিফ্যান্ট রোড  ঢাকা 1205","G3  Ground Floor  Pubali Bank Building","ঢাকা","1205","ঢাকা 1205","BD","Asia/Dhaka"," "," ","01713139440","01713-139440",,,"https://www.bdshop.com/","bdshop.com","ইলেকট্রনিক সরঞ্জামের দোকান"," ","Yes","1131","4.4"," ","open","মঙ্গলবার, Closed; বুধবার, ১০:০০AM-৮:০০PM; বৃহস্পতিবার, ১০:০০AM-৮:০০PM; শুক্রবার, ১০:০০AM-৮:০০PM; শনিবার, ১০:০০AM-৮:০০PM; রবিবার, ১০:০০AM-৮:০০PM; সোমবার, ১০:০০AM-৮:০০PM; ","Lat 23.737580299999998","Lng 90.387351","23.737580299999998,90.387351","7MMGP9QP+2WQ","ChIJ15_Ap8C4VTcRkisJQcw6e5I","https://www.google.com/maps/place/?q=place_id:ChIJ15_Ap8C4VTcRkisJQcw6e5I","10555094800611748754","https://www.google.com/search?kgmid=/g/11tfhr9ycx","/g/11tfhr9ycx","https://lh3.googleusercontent.com/gps-cs-s/APNQkAHHln2sGTSNDc0cDSYQnrO1m-bEN8kg2Eg8iJX8dTNOf16re_FnTZsAGaicealMaXF8PAJi0snx4Bg7g66wAtbNyDy3Q8xBff4bXL7zWZfn0gy6sRWrNbdk1qY9KXXLwRuBLbU","https://t1.gstatic.com/faviconV2?client=SOCIAL&type=FAVICON&fallback_opts=TYPE,SIZE,URL&url=https://www.bdshop.com/&size=48","https://search.google.com/local/reviews?placeid=ChIJ15_Ap8C4VTcRkisJQcw6e5I&q=shop+,Dhaka&authuser=0&hl=bn&gl=BD","https://www.facebook.com/bdshops"," "," ",,"https://www.youtube.com/@bdshops","Shop solar panels, inverters, batteries, and power stations in Bangladesh. Renewable energy products with fast delivery.","0ahUKEwiT2O6E6puVAxVTxTgGHbHXBCIQ8BcIMigH","1782165015156","1782165012537"
"3","shop ,Dhaka","Online Shopping BD","New Market  ঢাকা 1205","New Market","ঢাকা","1205","ঢাকা 1205","BD","Asia/Dhaka"," "," ","01991499961","01991-499961",,,"https://www.facebook.com/onlineshoppingbd01?mibextid=ZbWKwL","facebook.com","পোষাকের দোকান","লাইটিং স্টোর","Yes","3","5"," ","open","মঙ্গলবার, Closed; বুধবার, ১০:০০AM-১০:০০PM; বৃহস্পতিবার, ১০:০০AM-১০:০০PM; শুক্রবার, ১০:০০AM-১০:০০PM; শনিবার, ১০:০০AM-১০:০০PM; রবিবার, ১০:০০AM-১০:০০PM; সোমবার, ১০:০০AM-১০:০০PM; ","Lat 23.7337515","Lng 90.3838638","23.7337515,90.3838638","7MMGP9MM+GG5","ChIJB7-0Z-i5VTcRQdDWv8EVDgE","https://www.google.com/maps/place/?q=place_id:ChIJB7-0Z-i5VTcRQdDWv8EVDgE","76022165603274817","https://www.google.com/search?kgmid=/g/11h7jc44f7","/g/11h7jc44f7","https://lh3.googleusercontent.com/gps-cs-s/APNQkAHpS3QRvAJeFgmL28RZ3y22QhwSv4k3dgbjW2-WBl3Ufam790JjBbFJVaqnkbjqdnXZU3Bn912O46SgcAnZZw2z5dZ5XmX0HgMOKw9m--CUOiZFK9G0zlwvhmNdq8KrfHdnp6Q6","https://t1.gstatic.com/faviconV2?client=SOCIAL&type=FAVICON&fallback_opts=TYPE,SIZE,URL&url=https://www.facebook.com/onlineshoppingbd01?mibextid=ZbWKwL&size=48","https://search.google.com/local/reviews?placeid=ChIJB7-0Z-i5VTcRQdDWv8EVDgE&q=shop+,Dhaka&authuser=0&hl=bn&gl=BD"," "," "," ",,,"Online Shopping BD, Dhaka. 40,178 likes · 17 talking about this · 4 were here. 👉🥻👗🧥👚👖👜👠👟👈আধুনিক ফ্যাশন ও লাইফস্টাইলের জন্য Online Shopping BD নিয়ে এলো...","0ahUKEwiT2O6E6puVAxVTxTgGHbHXBCIQ8BcIWygI","1782165015157","1782165012537"
"4","shop ,Dhaka","ঢাকাশপ ডট কম","Shop#16  Online plaza  মাটিকাঁটা বাজার রোড  ঢাকা 1206","Shop#16","ঢাকা","1206","Online plaza","BD","Asia/Dhaka"," "," ","01553389389","01553-389389",,"sales@dhakashop.com","https://dhakashop.com/","dhakashop.com","কাপড়ের দোকান","ই-কমার্স সেবা","Yes","31","3.6"," ","open","মঙ্গলবার, ১০:০০AM-১০:০০PM; বুধবার, ১০:০০AM-১০:০০PM; বৃহস্পতিবার, ১০:০০AM-১০:০০PM; শুক্রবার, ৪:০০-১০:০০PM; শনিবার, ১০:০০AM-১০:০০PM; রবিবার, ১০:০০AM-১০:০০PM; সোমবার, ১০:০০AM-১০:০০PM; ","Lat 23.8189748","Lng 90.39542259999999","23.8189748,90.39542259999999","7MMGR99W+H5M","ChIJOyVux93GVTcRelKOj4ogHEo","https://www.google.com/maps/place/?q=place_id:ChIJOyVux93GVTcRelKOj4ogHEo","5340179037640610426","https://www.google.com/search?kgmid=/g/11bxflkb40","/g/11bxflkb40","https://lh3.googleusercontent.com/gps-cs-s/APNQkAEJnZV0yxFRmlhNGrHr4KJZspr-TJakYAtcH7_GS9k_-21gVvOOHxaGLY5_vj2rNzV3NboVFMaM2TN0ngDl-CMJm9jD56PVnKvF99haUeHPMau2-NLMIUYfaPgqigIGIT6aMp3PNpXjVg6g","https://t1.gstatic.com/faviconV2?client=SOCIAL&type=FAVICON&fallback_opts=TYPE,SIZE,URL&url=https://dhakashop.com/&size=48","https://search.google.com/local/reviews?placeid=ChIJOyVux93GVTcRelKOj4ogHEo&q=shop+,Dhaka&authuser=0&hl=bn&gl=BD","http://www.facebook.com/dhakashopdotcom","https://www.linkedin.com/company/dhakashop"," ",,,,"0ahUKEwiT2O6E6puVAxVTxTgGHbHXBCIQ8BcIhAEoCQ","1782165015159","1782165012537"
"5","shop ,Dhaka","SB Online Shop","Super Market  ঢাকা 1219","Super Market","ঢাকা","1219","ঢাকা 1219","BD","Asia/Dhaka"," "," ","01340004375","01340-004375","+8801340004375","sbonlineshop13@gmail.com","https://sbonlineshop.com/","sbonlineshop.com","ফ্যাশন মালপত্রের দোকান","ইলেকট্রনিক্স কোম্পানি","Yes","1","5"," ","open","মঙ্গলবার, Open 24 hours; বুধবার, Open 24 hours; বৃহস্পতিবার, Open 24 hours; শুক্রবার, Closed; শনিবার, Open 24 hours; রবিবার, Open 24 hours; সোমবার, Open 24 hours; ","Lat 23.759977","Lng 90.4183724","23.759977,90.4183724","7MMGQC59+X8X","ChIJzQREqLu5VTcRi9YywF_6OSM","https://www.google.com/maps/place/?q=place_id:ChIJzQREqLu5VTcRi9YywF_6OSM","2538335154153379467","https://www.google.com/search?kgmid=/g/11z6sf04td","/g/11z6sf04td","https://lh3.googleusercontent.com/gps-cs-s/APNQkAFsk0df7Y1qaKi4GAPi08JKsLsOm3ZlsosAB4bDSrXIp9L150CfgJPYk1WfkztGE_39zY6Je5_mk3S1OOO-K37W82HC2V8fpF3lwMKR-BV2xHATlMfMf-fxUd7_tgc8Lr5VH_Gvc-kHXKyW","https://t1.gstatic.com/faviconV2?client=SOCIAL&type=FAVICON&fallback_opts=TYPE,SIZE,URL&url=https://sbonlineshop.com/&size=48","https://search.google.com/local/reviews?placeid=ChIJzQREqLu5VTcRi9YywF_6OSM&q=shop+,Dhaka&authuser=0&hl=bn&gl=BD","https://www.facebook.com/"," "," ",,,,"0ahUKEwiT2O6E6puVAxVTxTgGHbHXBCIQ8BcIrwEoCg","1782165015160","1782165012537"
"6","shop ,Dhaka","লাইভ শপিং","Rupayan Trade Center  Level-15  114 কাজী নজরুল ইসলাম সরণি  ঢাকা 1000","Rupayan Trade Center","ঢাকা","1000","Level-15","BD","Asia/Dhaka"," "," ","01407053499","01407-053499","+8809613111333","liveshopping.com.bd@gmail.com","https://www.liveshopping.com.bd/","liveshopping.com.bd","কাপড়ের দোকান"," ","Yes","1381","4.5"," ","open","মঙ্গলবার, ১০:০০AM-১০:০০PM; বুধবার, ১০:০০AM-১০:০০PM; বৃহস্পতিবার, ১০:০০AM-১০:০০PM; শুক্রবার, ১০:০০AM-১০:০০PM; শনিবার, ১০:০০AM-১০:০০PM; রবিবার, ১০:০০AM-১০:০০PM; সোমবার, ১০:০০AM-১০:০০PM; ","Lat 23.7459652","Lng 90.3954263","23.7459652,90.3954263","7MMGP9WW+95M","ChIJndT4WMy5VTcR8DSKqtqG6Yg","https://www.google.com/maps/place/?q=place_id:ChIJndT4WMy5VTcR8DSKqtqG6Yg","9865564732453958896","https://www.google.com/search?kgmid=/g/11mwks6r4v","/g/11mwks6r4v","https://lh3.googleusercontent.com/gps-cs-s/APNQkAExNXHFNHWe_f4dkmngGI5NBDGCOgadJMhqsdFlJEdqsA4RDnvpZuuMtE3pSeL8ERyqxiukbiyjLzZyYYRLWgSbZKG2dM55_8UOaHM77Lg-SqqfwkdNu812MUi8KJzTtNDi4O-RMcpzF78","https://t1.gstatic.com/faviconV2?client=SOCIAL&type=FAVICON&fallback_opts=TYPE,SIZE,URL&url=https://www.liveshopping.com.bd/&size=48","https://search.google.com/local/reviews?placeid=ChIJndT4WMy5VTcR8DSKqtqG6Yg&q=shop+,Dhaka&authuser=0&hl=bn&gl=BD","https://www.facebook.com/liveshopping24"," "," ","https://www.instagram.com/liveshopping.com.bd/","https://www.youtube.com/channel/UC1M5w_iZk0PBr5yO5e3M9lA",,"0ahUKEwiT2O6E6puVAxVTxTgGHbHXBCIQ8BcI1QEoCw","1782165015163","1782165012537"
"7","shop ,Dhaka","Multi Dokan - Online & Offline Marketplace","Holding No: 5  Muniza Monzil  3 ব্লক-ই  ঢাকা 1207","Holding No: 5","ঢাকা","1207","Muniza Monzil","BD","Asia/Dhaka"," "," ","01629588698","01629-588698",,,"https://www.multidokan.com/","multidokan.com","ডিপার্টমেন্টাল স্টোর","কাপড়ের দোকান","Yes","34","4.9"," ","open","মঙ্গলবার, ১০:০০AM-১০:০০PM; বুধবার, ১০:০০AM-১০:০০PM; বৃহস্পতিবার, ১০:০০AM-১০:০০PM; শুক্রবার, Closed; শনিবার, ১০:০০AM-১০:০০PM; রবিবার, ১০:০০AM-১০:০০PM; সোমবার, ১০:০০AM-১০:০০PM; ","Lat 23.754931","Lng 90.366401","23.754931,90.366401","7MMGQ938+XHC","ChIJ8b0R232_VTcRq_o-KOJtD-U","https://www.google.com/maps/place/?q=place_id:ChIJ8b0R232_VTcRq_o-KOJtD-U","16505531977441409707","https://www.google.com/search?kgmid=/g/11z9qndqy4","/g/11z9qndqy4","https://lh3.googleusercontent.com/gps-cs-s/APNQkAGKksOG1r_LaR64fWw84-3KsVoBI4s8szYqFxAoEnN0DINjvRayn8zEu7WJxkOYPHueY758ydJ466dgAfyN52_8qKDCM_zfVLloARAhE-_3NUbjTAcgivadBZCYEWA-RAm1uA7zflFQNZU","https://t1.gstatic.com/faviconV2?client=SOCIAL&type=FAVICON&fallback_opts=TYPE,SIZE,URL&url=https://www.multidokan.com/&size=48","https://search.google.com/local/reviews?placeid=ChIJ8b0R232_VTcRq_o-KOJtD-U&q=shop+,Dhaka&authuser=0&hl=bn&gl=BD"," "," "," "," "," "," ","0ahUKEwiT2O6E6puVAxVTxTgGHbHXBCIQ8BcIgAIoDA","1782165015164","1782165012537"
"8","shop ,Dhaka","Melody Mart","Union devlopment market  shop #7  ground floor  67/2 Jhigatola dhaka-1209 (opposite of jhigatola post office)  Dhaka 1209","Union devlopment market  shop #7  ground floor  67/2 Jhigatola dhaka-1209 (opposite of jhigatola post office)","Dhaka","1209","Dhaka 1209","BD","Asia/Dhaka"," "," ","01608422706","01608-422706"," "," ",,,"কাপড়ের দোকান"," ","Yes","2","5"," ","open","মঙ্গলবার, Open 24 hours; বুধবার, Open 24 hours; বৃহস্পতিবার, Open 24 hours; শুক্রবার, Open 24 hours; শনিবার, Open 24 hours; রবিবার, Open 24 hours; সোমবার, Open 24 hours; ","Lat 23.7376321","Lng 90.3708769","23.7376321,90.3708769","7MMGP9QC+392","ChIJg3RIjr-_VTcRML-fQsKGJsY","https://www.google.com/maps/place/?q=place_id:ChIJg3RIjr-_VTcRML-fQsKGJsY","14278247837524279088","https://www.google.com/search?kgmid=/g/11ytv9zdn8","/g/11ytv9zdn8","https://lh3.googleusercontent.com/gps-cs-s/APNQkAFwrsl21Gt9h3ZTsbhpqKuVEm8Rb3sstL_w0G-wLflBXXSlxb3IHrXpcJgBaOKGd8V45cCrqvQg982dV3DmpNDY_RgTbjv-DnheT2qdq63fNE7zu1-DE0rM1FwkjZVGbey4AyhRfkzQqnLn"," ","https://search.google.com/local/reviews?placeid=ChIJg3RIjr-_VTcRML-fQsKGJsY&q=shop+,Dhaka&authuser=0&hl=bn&gl=BD"," "," "," "," "," "," ","0ahUKEwiT2O6E6puVAxVTxTgGHbHXBCIQ8BcIqwIoDQ","1782165015166","1782165012537"
"9","shop ,Dhaka","ও স্টার","Shop no 21 bonolota super market Dhaka Bangladesh  1205","Shop no 21 bonolota super market Dhaka Bangladesh","ঢাকা","1205","1205","BD","Asia/Dhaka"," "," ","01749741339","01749-741339",,,"http://www.facebook.com/ostar.bd","facebook.com","কাপড়ের দোকান"," ","Yes","14","4.7"," ","open","মঙ্গলবার, Closed; বুধবার, ১২:০০-১০:৩০PM; বৃহস্পতিবার, ১২:০০-১০:৩০PM; শুক্রবার, ১২:০০-১০:৩০PM; শনিবার, ১২:০০-১০:৩০PM; রবিবার, ১২:০০-১০:৩০PM; সোমবার, ১২:০০-১০:৩০PM; ","Lat 23.7336971","Lng 90.3825055","23.7336971,90.3825055","7MMGP9MM+F2C","ChIJLUkbxJS5VTcRM2TdDux8OCo","https://www.google.com/maps/place/?q=place_id:ChIJLUkbxJS5VTcRM2TdDux8OCo","3042318901592286259","https://www.google.com/search?kgmid=/g/11r236_kkr","/g/11r236_kkr","https://lh3.googleusercontent.com/gps-cs-s/APNQkAG_KWIaWodSC4hK3XL2kdD88Khm61jpP_ITEKoPJ8MIxp3Rd-u4RztSILc7ADwVHkc9yR2oYt2fWTlK9SU0T4t85uxgCORGpBxhOqvFNufCHfBxacX30TL4cF4ZDwGdl8QLo5kU","https://t1.gstatic.com/faviconV2?client=SOCIAL&type=FAVICON&fallback_opts=TYPE,SIZE,URL&url=http://www.facebook.com/ostar.bd&size=48","https://search.google.com/local/reviews?placeid=ChIJLUkbxJS5VTcRM2TdDux8OCo&q=shop+,Dhaka&authuser=0&hl=bn&gl=BD"," "," "," ",,,"O STAR, Dhaka. 5,244 likes · 2 talking about this · 24 were here. O Star, an ultimate online clothing destination for Bangladesh offering best shopping...","0ahUKEwiT2O6E6puVAxVTxTgGHbHXBCIQ8BcI0AIoDg","1782165015167","1782165012537"
"10","shop ,Dhaka","মির অনলাইন শপ","327 Jhauchor  ঢাকা 1209","327 Jhauchor","ঢাকা","1209","ঢাকা 1209","BD","Asia/Dhaka"," "," ","01720136811","01720-136811",,,"https://www.facebook.com/mirshoesoffical?mibextid=ZbWKwL","facebook.com","জুতোর দোকান"," ","No","4","4.8"," ","open","মঙ্গলবার, Open 24 hours; বুধবার, Open 24 hours; বৃহস্পতিবার, Open 24 hours; শুক্রবার, Open 24 hours; শনিবার, Open 24 hours; রবিবার, Open 24 hours; সোমবার, Open 24 hours; ","Lat 23.7333707","Lng 90.3610487","23.7333707,90.3610487","7MMGP9M6+8CV","ChIJcV4vkMq_VTcR626xf7l1W_0","https://www.google.com/maps/place/?q=place_id:ChIJcV4vkMq_VTcR626xf7l1W_0","18256314954048171755","https://www.google.com/search?kgmid=/g/11t_qz52f1","/g/11t_qz52f1"," ","https://t1.gstatic.com/faviconV2?client=SOCIAL&type=FAVICON&fallback_opts=TYPE,SIZE,URL&url=https://www.facebook.com/mirshoesoffical?mibextid=ZbWKwL&size=48","https://search.google.com/local/reviews?placeid=ChIJcV4vkMq_VTcR626xf7l1W_0&q=shop+,Dhaka&authuser=0&hl=bn&gl=BD"," "," "," ",,,,"0ahUKEwiT2O6E6puVAxVTxTgGHbHXBCIQ8BcI9wIoDw","1782165015170","1782165012537"
"11","shop ,Dhaka","আর্চিস হররোডস","Orchard Point  Dhanmondi 7  ঢাকা 1207","Orchard Point","ঢাকা","1207","ঢাকা 1207","BD","Asia/Dhaka"," "," ","01616155015","01616-155015"," "," ",,,"উপহারের দোকান","শিশু সামগ্রীর দোকান","Yes","147","3.7"," ","open","মঙ্গলবার, ৯:০০AM-১০:৩০PM; বুধবার, ৯:০০AM-৫:০০PM; বৃহস্পতিবার, ৯:০০AM-১০:৩০PM; শুক্রবার, ৯:০০AM-১০:৩০PM; শনিবার, ৯:০০AM-১০:৩০PM; রবিবার, ৯:০০AM-১০:০০PM; সোমবার, ৯:০০AM-১০:৩০PM; ","Lat 23.7444973","Lng 90.3824132","23.7444973,90.3824132","7MMGP9VJ+QXV","ChIJb2vPQjLBVTcRta8uL94VB-M","https://www.google.com/maps/place/?q=place_id:ChIJb2vPQjLBVTcRta8uL94VB-M","16359068215465127861","https://www.google.com/search?kgmid=/g/11l770qq31","/g/11l770qq31","https://lh3.googleusercontent.com/gps-cs-s/APNQkAH58-zU_mc1k4e1QmSxytKPYaNgZVMR3nG8UYuxW0XRqKN6VS-oY0bDTu7SQfq8WPfvKLY_L_qkqXksV2_mbf8ujGXzf58cplCUg16QfcoJW6RHfD5EPuHtP_t-Ivt1Ztro7d_HYw"," ","https://search.google.com/local/reviews?placeid=ChIJb2vPQjLBVTcRta8uL94VB-M&q=shop+,Dhaka&authuser=0&hl=bn&gl=BD"," "," "," "," "," "," ","0ahUKEwiT2O6E6puVAxVTxTgGHbHXBCIQ8BcInAMoEA","1782165015171","1782165012537"
"12","shop ,Dhaka","বিডি অনলাইন টেডি এন্ড এক্সেসরিস শপ","West Rampura Wapda road  139  Near Jahaz Building  Dhaka 1219","West Rampura Wapda road","Dhaka","1219","139","BD","Asia/Dhaka"," "," ","01799795189","01799-795189"," "," ",,,"উপহারের দোকান","ফুল ডেলিভারি","Yes","11","4.6"," ","open","মঙ্গলবার, Open 24 hours; বুধবার, Open 24 hours; বৃহস্পতিবার, Open 24 hours; শুক্রবার, Open 24 hours; শনিবার, Open 24 hours; রবিবার, Open 24 hours; সোমবার, Open 24 hours; ","Lat 23.7619862","Lng 90.4164933","23.7619862,90.4164933","7MMGQC68+QHX","ChIJ98RSCEu5VTcRXqugpVICS5o","https://www.google.com/maps/place/?q=place_id:ChIJ98RSCEu5VTcRXqugpVICS5o","11117982659083545438","https://www.google.com/search?kgmid=/g/11kzwvb7qs","/g/11kzwvb7qs","https://lh3.googleusercontent.com/gps-cs-s/APNQkAHtDpTDh63WVyveXyGHKwpUmyEEniqZNlUUStVSw0rIr0gCi0bGOeHVSzyfuhGSUt7qPIEnMj7Cj7HLLJL2qIvtOruKHQqa5kCqfLPbjkQbiDZPTzvlHMHU81nhjuzizddKVm2v0g"," ","https://search.google.com/local/reviews?placeid=ChIJ98RSCEu5VTcRXqugpVICS5o&q=shop+,Dhaka&authuser=0&hl=bn&gl=BD"," "," "," "," "," "," ","0ahUKEwiT2O6E6puVAxVTxTgGHbHXBCIQ8BcIzQMoEQ","1782165015172","1782165012537"
"13","shop ,Dhaka","ঢাকা শপ","road 3  boshoti housing  mirpur 2  ঢাকা 1216","road 3  boshoti housing","ঢাকা","1216","ঢাকা 1216","BD","Asia/Dhaka"," "," "," ",," "," ",,,"উপহারের দোকান"," ","Yes","1","5"," ","open"," ","Lat 23.800133199999998","Lng 90.3594012","23.800133199999998,90.3594012","7MMGR925+3Q2","ChIJdSh1wvnBVTcRcfzv75xEzOQ","https://www.google.com/maps/place/?q=place_id:ChIJdSh1wvnBVTcRcfzv75xEzOQ","16486627776727612529","https://www.google.com/search?kgmid=/g/11sgf0y6gb","/g/11sgf0y6gb","https://lh3.googleusercontent.com/gps-cs-s/APNQkAELBxoDiYGAIGw2rmR1fgCGxrUFXfEKJX2AdEDMtp7KbZxbT2kJXtxdBhO9zFID2EOI7qyJ5zHHPCV4tsxv8FlRZx5oZLe89Mpib6Vr5CsqKiwVifkA9eYrbYHXwFPyhbFuCobg"," ","https://search.google.com/local/reviews?placeid=ChIJdSh1wvnBVTcRcfzv75xEzOQ&q=shop+,Dhaka&authuser=0&hl=bn&gl=BD"," "," "," "," "," "," ","0ahUKEwiT2O6E6puVAxVTxTgGHbHXBCIQ8BcI-QMoEg","1782165015174","1782165012537"
"14","shop ,Dhaka","১ থেকে ১০০ মার্কেট","32  18 তাজমহল রোড  ঢাকা 1207","32","ঢাকা","1207","ঢাকা 1207","BD","Asia/Dhaka"," "," ","01812352952","01812-352952"," "," ",,,"উপহারের দোকান"," ","Yes","113","3.9"," ","open","মঙ্গলবার, ১০:০০AM-১০:০০PM; বুধবার, ১০:০০AM-১০:০০PM; বৃহস্পতিবার, ১০:০০AM-১০:০০PM; শুক্রবার, ১০:০০AM-১০:০০PM; শনিবার, ১০:০০AM-১০:০০PM; রবিবার, ১০:০০AM-১০:০০PM; সোমবার, ১০:০০AM-১০:০০PM; ","Lat 23.765629","Lng 90.3601764","23.765629,90.3601764","7MMGQ986+733","ChIJt0m72aDAVTcRMr3xn04ZyOI","https://www.google.com/maps/place/?q=place_id:ChIJt0m72aDAVTcRMr3xn04ZyOI","16341339073395408178","https://www.google.com/search?kgmid=/g/1pzvwdbby","/g/1pzvwdbby","https://lh3.googleusercontent.com/gps-cs-s/APNQkAE9SMdsgGMjtz3xT1y08fB3H9eTd-9owz6ZkrAszQbfV_J_aY_2041IaF6w8sAYrK1P9cPilXZUGAGRGn2LHikpu8p-aZVLli6kiwCykZzjcDg2TrnAk1Hqme8OAUx_qE7hj2pG_g"," ","https://search.google.com/local/reviews?placeid=ChIJt0m72aDAVTcRMr3xn04ZyOI&q=shop+,Dhaka&authuser=0&hl=bn&gl=BD"," "," "," "," "," "," ","0ahUKEwiT2O6E6puVAxVTxTgGHbHXBCIQ8BcIlAQoEw","1782165015175","1782165012537"
"15","shop ,Dhaka","ঢাকা স্টোর","138/7 Khan Market Mugholtoli  ঢাকা","138/7 Khan Market Mugholtoli","ঢাকা"," ","ঢাকা","BD","Asia/Dhaka"," "," ","01972458832","01972-458832"," "," ",,,"খেলনার দোকান"," ","No","2","4"," ","open","মঙ্গলবার, ১০:৩০AM-৭:৩০PM; বুধবার, ১০:৩০AM-৭:৩০PM; বৃহস্পতিবার, ১০:৩০AM-৭:৩০PM; শুক্রবার, Closed; শনিবার, ১০:৩০AM-৭:৩০PM; রবিবার, ১০:৩০AM-৭:৩০PM; সোমবার, ১০:৩০AM-৭:৩০PM; ","Lat 23.7150392","Lng 90.39715699999999","23.7150392,90.39715699999999","7MMGP98W+2V7","ChIJrT6IRx65VTcRd2FC9n8mGwY","https://www.google.com/maps/place/?q=place_id:ChIJrT6IRx65VTcRd2FC9n8mGwY","439987719633002871","https://www.google.com/search?kgmid=/g/11f5hlfsq0","/g/11f5hlfsq0","https://lh3.googleusercontent.com/gps-cs-s/APNQkAEETq3cbqvbjEqW03KxGHvIfhvrO5GIgS3LPGD11tUlKLYR10t1seAqd_Apzvqszr8w1u7mnLWnPj3ULfJG1RrYO9AlmUBiclddPk_zQPEU68eckhyKeeNuQ7Tb4Pmns0Ifm7Kx"," ","https://search.google.com/local/reviews?placeid=ChIJrT6IRx65VTcRd2FC9n8mGwY&q=shop+,Dhaka&authuser=0&hl=bn&gl=BD"," "," "," "," "," "," ","0ahUKEwiT2O6E6puVAxVTxTgGHbHXBCIQ8BcIvAQoFA","1782165015176","1782165012537"
"16","shop ,Dhaka","মোস্তফা মার্ট - বসুন্ধরা সিটি","Level-5  Block B  Bashundhara City Shopping Complex  পান্থপথ  ঢাকা 1215","Level-5  Block B","ঢাকা","1215","Bashundhara City Shopping Complex","BD","Asia/Dhaka"," "," ","01338325765","01338-325765",,,"https://mustafamart.com.bd/","mustafamart.com.bd","সুপারমার্কেট"," ","Yes","7111","4.2"," ","open","মঙ্গলবার, Closed; বুধবার, ১০:০০AM-৯:০০PM; বৃহস্পতিবার, ১০:০০AM-৯:০০PM; শুক্রবার, ১০:০০AM-৯:০০PM; শনিবার, ১০:০০AM-৯:০০PM; রবিবার, ১০:০০AM-৯:০০PM; সোমবার, ১০:০০AM-৯:০০PM; ","Lat 23.7510568","Lng 90.3906512","23.7510568,90.3906512","7MMGQ92R+C7C","ChIJi1dTNqO4VTcRgDVbIgcBGD8","https://www.google.com/maps/place/?q=place_id:ChIJi1dTNqO4VTcRgDVbIgcBGD8","4546384953983317376","https://www.google.com/search?kgmid=/g/11c3s963d5","/g/11c3s963d5","https://lh3.googleusercontent.com/gps-cs-s/APNQkAE1KAggwdVJtl3LtEgbAqsApfKW0v4uavnMcOsz3g1o-GQCvo9Gvuw8DWLWX-LJnTRTKOJ_W-x513KVUuJ3j0qQCBHP4YedIgTk12RK4bkK3B24OB-Q8Upmhw_P9PgMjlUGfairPg","https://t1.gstatic.com/faviconV2?client=SOCIAL&type=FAVICON&fallback_opts=TYPE,SIZE,URL&url=https://mustafamart.com.bd/&size=48","https://search.google.com/local/reviews?placeid=ChIJi1dTNqO4VTcRgDVbIgcBGD8&q=shop+,Dhaka&authuser=0&hl=bn&gl=BD","https://www.facebook.com/mustafa.mart.bangladesh","https://www.linkedin.com/company/mustafa-mart-bangladesh"," ","https://www.instagram.com/mustafa.mart.bangladesh",,,"0ahUKEwiT2O6E6puVAxVTxTgGHbHXBCIQ8BcI4wQoFQ","1782165015178","1782165012537"
"17","shop ,Dhaka","M.M Fashion Shop","RC38+J3Q  Dhaka  Dhak6 2400","RC38+J3Q","Dhak6","2400","Dhak6 2400","BD","Asia/Dhaka"," "," ","01965019106","01965-019106",,,"https://www.facebook.com/share/1A8gto16c4/","facebook.com","ফ্যাশন মালপত্রের দোকান"," ","No","5","4"," ","open","মঙ্গলবার, Open 24 hours; বুধবার, Open 24 hours; বৃহস্পতিবার, Open 24 hours; শুক্রবার, Open 24 hours; শনিবার, Open 24 hours; রবিবার, Open 24 hours; সোমবার, Open 24 hours; ","Lat 23.804092999999998","Lng 90.4152376","23.804092999999998,90.4152376","7MMGRC38+J3Q","ChIJoUx2D9bHVTcRs6y-vrTT6OI","https://www.google.com/maps/place/?q=place_id:ChIJoUx2D9bHVTcRs6y-vrTT6OI","16350551220416326835","https://www.google.com/search?kgmid=/g/11zkjwm1cw","/g/11zkjwm1cw","https://streetviewpixels-pa.googleapis.com/v1/thumbnail?panoid","https://t1.gstatic.com/faviconV2?client=SOCIAL&type=FAVICON&fallback_opts=TYPE,SIZE,URL&url=https://www.facebook.com/share/1A8gto16c4/&size=48","https://search.google.com/local/reviews?placeid=ChIJoUx2D9bHVTcRs6y-vrTT6OI&q=shop+,Dhaka&authuser=0&hl=bn&gl=BD"," "," "," ",,,"M.M Fashion Shop, Dhaka. 25 likes. ফ্যাশন মানেই M.M Fashion। প্রতিদিন নতুন স্টাইলে নিজেকে আবিষ্কার করুন।","0ahUKEwiT2O6E6puVAxVTxTgGHbHXBCIQ8BcIjgUoFg","1782165015179","1782165012537"
"18","shop ,Dhaka","এস্টোরিঅন","House: 19  Road: 35 Gulshan 02  ঢাকা 1212","House: 19","ঢাকা","1212","ঢাকা 1212","BD","Asia/Dhaka","এই স্টোরে জনপ্রিয় ব্র্যান্ডের পুরুষ, মহিলা ও বাচ্চাদের পোশাক ও আনুষঙ্গিক আইটেমের বিবিধ রেঞ্জ বিক্রি করা হয়।","ব্র্যান্ডের নাম সহ জামাকাপড়ের সোর্স","01791030814","01791-030814"," "," ",,,"কাপড়ের দোকান"," ","Yes","2079","4.1","ব্র্যান্ডের নাম সহ জামাকাপড়ের সোর্স","open","মঙ্গলবার, ১০:০০AM-৯:৩০PM; বুধবার, ১০:০০AM-৯:৩০PM; বৃহস্পতিবার, ১০:০০AM-৯:৩০PM; শুক্রবার, ১০:০০AM-১০:০০PM; শনিবার, ১০:০০AM-১০:০০PM; রবিবার, ১০:০০AM-৯:৩০PM; সোমবার, ১০:০০AM-৯:৩০PM; ","Lat 23.789595","Lng 90.4137028","23.789595,90.4137028","7MMGQCQ7+RFP","ChIJzbUcfJzHVTcRZKWOhgELILw","https://www.google.com/maps/place/?q=place_id:ChIJzbUcfJzHVTcRZKWOhgELILw","13555846979565561188","https://www.google.com/search?kgmid=/g/1tdck9_v","/g/1tdck9_v","https://lh3.googleusercontent.com/gps-cs-s/APNQkAGGBRwy8IlfbpW9DgqHhnX-21lNDLWL-dWRe89USP8Nxz6sf6ydyymzzKUkvNc-NWwbbtSEJfA6UzOuJiQ3aGvW9a_MYovkNBumiyX-CJmcUxwgczeSI8W9808cndw8-nlpVwKw"," ","https://search.google.com/local/reviews?placeid=ChIJzbUcfJzHVTcRZKWOhgELILw&q=shop+,Dhaka&authuser=0&hl=bn&gl=BD"," "," "," "," "," "," ","0ahUKEwiT2O6E6puVAxVTxTgGHbHXBCIQ8BcItwUoFw","1782165015180","1782165012537"
"19","shop ,Dhaka","PATHANI: The Fashion Store","Opposite of Agrani Bank  Next Shop of Dhaka Tower-1 Shop No. 474  Hawkers Market  Shodorghat  Dhaka 1100","Opposite of Agrani Bank  Next Shop of Dhaka Tower-1 Shop No. 474  Hawkers Market  Shodorghat","Dhaka","1100","Dhaka 1100","BD","Asia/Dhaka"," "," ","01511525115","01511-525115",,,"http://pathani.net/","pathani.net","কাপড়ের দোকান","কাপড়ের বাজার","Yes","11","4.9"," ","open","মঙ্গলবার, ৬:০০AM-১২:৩০AM; বুধবার, ৬:০০AM-১২:৩০AM; বৃহস্পতিবার, ৬:০০AM-১২:৩০AM; শুক্রবার, ৬:০০AM-১২:৩০AM; শনিবার, ৬:০০AM-১২:৩০AM; রবিবার, ৬:০০AM-১২:৩০AM; সোমবার, ৬:০০AM-১২:৩০AM; ","Lat 23.7060924","Lng 90.4103489","23.7060924,90.4103489","7MMGPC46+C4Q","ChIJAWHC2sa5VTcRniXn015y4oA","https://www.google.com/maps/place/?q=place_id:ChIJAWHC2sa5VTcRniXn015y4oA","9287111133199017374","https://www.google.com/search?kgmid=/g/11wwghf88x","/g/11wwghf88x","https://lh3.googleusercontent.com/gps-cs-s/APNQkAHLmGX7j_pB0dDFwk120v0_FME_Itr6GWnZP8808ub98uz5sN453ifhzT4FyKgCle4e21Ec83uPxbipjTGI0d4rBsvJ-fbMjcxhH-ccsDz0Lga6vTtlK9OnD4CXqMqPYPw3tcEF3A","https://t1.gstatic.com/faviconV2?client=SOCIAL&type=FAVICON&fallback_opts=TYPE,SIZE,URL&url=http://pathani.net/&size=48","https://search.google.com/local/reviews?placeid=ChIJAWHC2sa5VTcRniXn015y4oA&q=shop+,Dhaka&authuser=0&hl=bn&gl=BD"," "," "," "," "," "," ","0ahUKEwiT2O6E6puVAxVTxTgGHbHXBCIQ8BcI3wUoGA","1782165015181","1782165012537"
"20","shop ,Dhaka","থে হালাল শপ","1/A/5  2 West Rajarbagh  ঢাকা 1214","1/A/5","ঢাকা","1214","ঢাকা 1214","BD","Asia/Dhaka"," "," ","01733355894","01733-355894"," "," ",,,"টি-শার্টের দোকান"," ","Yes","15","4.6"," ","open","মঙ্গলবার, Open 24 hours; বুধবার, Open 24 hours; বৃহস্পতিবার, Open 24 hours; শুক্রবার, Open 24 hours; শনিবার, Open 24 hours; রবিবার, Open 24 hours; সোমবার, Open 24 hours; ","Lat 23.737932","Lng 90.44033519999999","23.737932,90.44033519999999","7MMGPCQR+54G","ChIJU4dme0y5VTcRBfjPM-qNVHo","https://www.google.com/maps/place/?q=place_id:ChIJU4dme0y5VTcRBfjPM-qNVHo","8814826407702034437","https://www.google.com/search?kgmid=/g/11q94p_1jy","/g/11q94p_1jy","https://lh3.googleusercontent.com/gps-cs-s/APNQkAFhcEpR6Ilp3eKabF5zrWisaYmRGeCP2TrrQaHVoSckr9s3DGV99fRqq-8eAI3zRVpfd7SDpyVlXwdKoqxSCChapIvtp0ci8VLmfKWdhZHJPmDQPSS23EUbaHm5UxcZq5xdmI4"," ","https://search.google.com/local/reviews?placeid=ChIJU4dme0y5VTcRBfjPM-qNVHo&q=shop+,Dhaka&authuser=0&hl=bn&gl=BD"," "," "," "," "," "," ","0ahUKEwiT2O6E6puVAxVTxTgGHbHXBCIQ8BcIhgYoGQ","1782165015182","1782165012537"
"21","shop ,Dhaka","হেলও বাংলাদেশ অনলাইন শপ","P9W2+GHQ  ঢাকা","P9W2+GHQ","ঢাকা"," ","ঢাকা","BD","Asia/Dhaka"," "," ","01557729563","01557-729563"," "," ",,,"পাইকারি"," ","No","7","3.9"," ","open","মঙ্গলবার, ১০:০০AM-৩:০০PM; বুধবার, ১০:০০AM-৩:০০PM; বৃহস্পতিবার, ১০:০০AM-৩:০০PM; শুক্রবার, ১০:০০AM-১২:০০PM; শনিবার, ১০:০০AM-৩:০০PM; রবিবার, ১০:০০AM-৩:০০PM; সোমবার, ১০:০০AM-৩:০০PM; ","Lat 23.7463283","Lng 90.3514885","23.7463283,90.3514885","7MMGP9W2+GHQ","ChIJPWZdej6_VTcRAMByqnq3jnM","https://www.google.com/maps/place/?q=place_id:ChIJPWZdej6_VTcRAMByqnq3jnM","8326794498528165888","https://www.google.com/search?kgmid=/g/11tc9_wp6s","/g/11tc9_wp6s","https://lh3.googleusercontent.com/gps-cs-s/APNQkAGZADu0iT9Q-hZ52wKmvfJrdv8jZtTsk2INwsFTSDV9wNJ0ZR97hOVDzOYHLpaXy3RRsbuAd2N-vIM3TtLm-dptZHXPselcfDNpYA2hz6RR3kuWax6sZsELxDu6h1eLBhdzUcDvaPJGKsDA"," ","https://search.google.com/local/reviews?placeid=ChIJPWZdej6_VTcRAMByqnq3jnM&q=shop+,Dhaka&authuser=0&hl=bn&gl=BD"," "," "," "," "," "," ","0ahUKEwi2neWN6puVAxUu3TgGHYNTObIQ8BcICygG","1782165033918","1782165012537"
"22","shop ,Dhaka","M/S Progati Store","Shop no - 25  25 Chittaranjan Avenue  26 Janata Hawkers Market  ঢাকা 1100","Shop no - 25","ঢাকা","1100","25 Chittaranjan Avenue","BD","Asia/Dhaka"," "," ","01675115827","01675-115827"," "," ",,,"ফ্যাশন মালপত্রের দোকান"," ","Yes","3","5"," ","open","মঙ্গলবার, ৯:০০AM-৮:০০PM; বুধবার, ৯:০০AM-৮:০০PM; বৃহস্পতিবার, ৯:০০AM-৮:০০PM; শুক্রবার, Closed; শনিবার, ৯:০০AM-৮:০০PM; রবিবার, ৯:০০AM-৮:০০PM; সোমবার, ৯:০০AM-৮:০০PM; ","Lat 23.7067573","Lng 90.40981909999999","23.7067573,90.40981909999999","7MMGPC45+PW4","ChIJ8xk9AgC5VTcRFqQs9n2nZ50","https://www.google.com/maps/place/?q=place_id:ChIJ8xk9AgC5VTcRFqQs9n2nZ50","11342218345998754838","https://www.google.com/search?kgmid=/g/11ypxzs077","/g/11ypxzs077","//lh3.googleusercontent.com/pQxbiYjrRBMX7dB9ZU0n-qOyuUWkTf9vXGrdwUP24Xa3D-UnaMawNTMHz3295kY4"," ","https://search.google.com/local/reviews?placeid=ChIJ8xk9AgC5VTcRFqQs9n2nZ50&q=shop+,Dhaka&authuser=0&hl=bn&gl=BD"," "," "," "," "," "," ","0ahUKEwi2neWN6puVAxUu3TgGHYNTObIQ8BcIMigH","1782165033919","1782165012537"
"23","shop ,Dhaka","SB Gift Shop-এস বি গিফট শপ","Rd No. 17  ঢাকা","Rd No. 17","ঢাকা"," ","ঢাকা","BD","Asia/Dhaka"," "," ","01991100131","01991-100131",,,"http://www.sbgiftbd.com/","sbgiftbd.com","উপহারের দোকান"," ","Yes","20","4.7"," ","open","মঙ্গলবার, ৯:০০AM-৯:৩০PM; বুধবার, ৯:০০AM-৯:৩০PM; বৃহস্পতিবার, ৯:০০AM-৯:৩০PM; শুক্রবার, ৯:০০AM-৯:৩০PM; শনিবার, ৯:০০AM-৯:৩০PM; রবিবার, ৯:০০AM-৯:৩০PM; সোমবার, ৯:০০AM-৯:৩০PM; ","Lat 23.7738436","Lng 90.3570546","23.7738436,90.3570546","7MMGQ9F4+GRM","ChIJp8hvt6LAVTcR8hexwvgl2D8","https://www.google.com/maps/place/?q=place_id:ChIJp8hvt6LAVTcR8hexwvgl2D8","4600468769707464690","https://www.google.com/search?kgmid=/g/11g7z005lb","/g/11g7z005lb","https://lh3.googleusercontent.com/gps-cs-s/APNQkAFMPA6ZZZSvbdr2KS90tCisri3sD0t2o1HXNXGjD-zBbcpLeOhokiD-U-yN3OByiyt0dfH5-DJdbt7Dpi46NfsnN7_qVFo-oBEGXx6Oxg-YrxIk-DHRGAIXSGtw5ZgAkyX4t1I","https://t1.gstatic.com/faviconV2?client=SOCIAL&type=FAVICON&fallback_opts=TYPE,SIZE,URL&url=http://www.sbgiftbd.com/&size=48","https://search.google.com/local/reviews?placeid=ChIJp8hvt6LAVTcR8hexwvgl2D8&q=shop+,Dhaka&authuser=0&hl=bn&gl=BD"," "," "," "," "," "," ","0ahUKEwi2neWN6puVAxUu3TgGHYNTObIQ8BcIWygI","1782165033920","1782165012537"
"24","shop ,Dhaka","শপেলো বাংলাদেশ","125/B  1th Floor  New Chistia Market Adj. Gawsia  Dhaka  1205","125/B  1th Floor  New Chistia Market Adj. Gawsia  Dhaka","ঢাকা","1205","1205","BD","Asia/Dhaka"," "," ","01894096455","01894-096455"," "," ",,,"দোকান"," ","No","7","5"," ","open","মঙ্গলবার, Closed; বুধবার, ১০:০০AM-৯:০০PM; বৃহস্পতিবার, ১০:০০AM-৯:০০PM; শুক্রবার, ১০:০০AM-৯:০০PM; শনিবার, ১০:০০AM-৯:০০PM; রবিবার, ১০:০০AM-৯:০০PM; সোমবার, ১০:০০AM-৯:০০PM; ","Lat 23.7345741","Lng 90.3857989","23.7345741,90.3857989","7MMGP9MP+R8F","ChIJoc8NEsm5VTcRTsSZPmjPCXs","https://www.google.com/maps/place/?q=place_id:ChIJoc8NEsm5VTcRTsSZPmjPCXs","8865845388089345102","https://www.google.com/search?kgmid=/g/11r2_gmt1f","/g/11r2_gmt1f","https://lh3.googleusercontent.com/gps-cs-s/APNQkAHtV4Jb9auZEiwzMNNvZPIpJwHYm9QAwjBdFy8mL8slMHqic4TDSWWO98LY5c3Z69e9ivltSZkvkwx8doqSEOLbPbpoq-yZOse65UqPOOZrv6dPxP3txtQfqnYf6drYaH7xOXIx"," ","https://search.google.com/local/reviews?placeid=ChIJoc8NEsm5VTcRTsSZPmjPCXs&q=shop+,Dhaka&authuser=0&hl=bn&gl=BD"," "," "," "," "," "," ","0ahUKEwi2neWN6puVAxUu3TgGHYNTObIQ8BcIggEoCQ","1782165033922","1782165012537"
"25","shop ,Dhaka","ওয়াউজালেবড - অফার অ্যান্ড ডিসকাউন্ট বাংলাদেশ - বিকাশ অফার - রিচার্জ অফার বিডি","390/B  QC29+VV7  8-B শহীদ বাকি রোড  ঢাকা 1219","390/B","ঢাকা","1219","QC29+VV7","BD","Asia/Dhaka"," "," ","01610474016","01610-474016"," "," ",,,"ডিসকাউন্ট স্টোর"," ","No","2","4.5"," ","open","মঙ্গলবার, Open 24 hours; বুধবার, Open 24 hours; বৃহস্পতিবার, Open 24 hours; শুক্রবার, Open 24 hours; শনিবার, Open 24 hours; রবিবার, Open 24 hours; সোমবার, Open 24 hours; ","Lat 23.752281999999997","Lng 90.41976","23.752281999999997,90.41976","7MMGQC29+WW6","ChIJQYnGOXq5VTcR4G4mAdaYQtE","https://www.google.com/maps/place/?q=place_id:ChIJQYnGOXq5VTcR4G4mAdaYQtE","15078782547299561184","https://www.google.com/search?kgmid=/g/11mgpxsh5d","/g/11mgpxsh5d","https://streetviewpixels-pa.googleapis.com/v1/thumbnail?panoid"," ","https://search.google.com/local/reviews?placeid=ChIJQYnGOXq5VTcR4G4mAdaYQtE&q=shop+,Dhaka&authuser=0&hl=bn&gl=BD"," "," "," "," "," "," ","0ahUKEwi2neWN6puVAxUu3TgGHYNTObIQ8BcIqgEoCg","1782165033925","1782165012537"
"26","shop ,Dhaka","Dhakasell","Bus Stop  91 Outer Circular Road  Near Malibagh Mor  ঢাকা 1217","Bus Stop","ঢাকা","1217","91 Outer Circular Road","BD","Asia/Dhaka"," "," ","01911588165","01911-588165"," "," ",,,"দোকান"," ","No","16","4.3"," ","open","মঙ্গলবার, Open 24 hours; বুধবার, Open 24 hours; বৃহস্পতিবার, Open 24 hours; শুক্রবার, Open 24 hours; শনিবার, Open 24 hours; রবিবার, Open 24 hours; সোমবার, Open 24 hours; ","Lat 23.7446867","Lng 90.4132669","23.7446867,90.4132669","7MMGPCV7+V8C","ChIJD9Np9mG4VTcRQk5EKNPcbig","https://www.google.com/maps/place/?q=place_id:ChIJD9Np9mG4VTcRQk5EKNPcbig","2913508808427064898","https://www.google.com/search?kgmid=/g/11cs2bm32x","/g/11cs2bm32x","https://lh3.googleusercontent.com/gps-cs-s/APNQkAH1ytocfkK0LePOjLFBAhJGLVo2aDvT-nYFc8qw3pnr4v5bU8YblUvcukIkHWFUTJNBCdXongfmFKLeWoaGgxNogieehvbsBAOZk2O_UwOvZ4oj7OAcaDXKfrNGnyGkkwy4PTY"," ","https://search.google.com/local/reviews?placeid=ChIJD9Np9mG4VTcRQk5EKNPcbig&q=shop+,Dhaka&authuser=0&hl=bn&gl=BD"," "," "," "," "," "," ","0ahUKEwi2neWN6puVAxUu3TgGHYNTObIQ8BcI1QEoCw","1782165033927","1782165012537"
"27","shop ,Dhaka","Sodorghat lace market","City Plaza Market  Dhaka  Bangladesh  চিত্তরঞ্জন এভিনিউ  ঢাকা","City Plaza Market  Dhaka  Bangladesh","ঢাকা"," ","ঢাকা","BD","Asia/Dhaka"," "," "," ",," "," ",,,"কাপড়ের দোকান"," ","No","56","4.6"," ","open"," ","Lat 23.7064171","Lng 90.4103165","23.7064171,90.4103165","7MMGPC46+H48","ChIJxznFYQC5VTcRBLA_qXY7HUc","https://www.google.com/maps/place/?q=place_id:ChIJxznFYQC5VTcRBLA_qXY7HUc","5124317331849195524","https://www.google.com/search?kgmid=/g/11lnn35rdm","/g/11lnn35rdm","https://lh3.googleusercontent.com/gps-cs-s/APNQkAEYQwkwnRNyQLy8phFK3ywMnMMxTBB6Y5l9FLFQjdUPfvAIaf274fR88upqfeEaAEYIwKA3S_TPNnKK-gFnpClOU_Da2Qsj9yqF6cNBoyKRy-mRiR-k5z0emDfqQUzpXlR8ywnXhpOhxm2E"," ","https://search.google.com/local/reviews?placeid=ChIJxznFYQC5VTcRBLA_qXY7HUc&q=shop+,Dhaka&authuser=0&hl=bn&gl=BD"," "," "," "," "," "," ","0ahUKEwi2neWN6puVAxUu3TgGHYNTObIQ8BcIgAIoDA","1782165033929","1782165012537"
"28","shop ,Dhaka","Store BD","West পান্থপথ  ঢাকা 1209","West পান্থপথ","ঢাকা","1209","ঢাকা 1209","BD","Asia/Dhaka"," "," ","01710876128","01710-876128"," "," ",,,"ই-কমার্স সেবা"," ","Yes","21","3"," ","open","সোমবার, ১২:০০-৭:০০AM | ১১:০০AM-১২:০০AM; মঙ্গলবার, ১২:০০-৭:০০AM | ১১:০০AM-১২:০০AM; বুধবার, ১২:০০-৭:০০AM | ১১:০০AM-১২:০০AM; বৃহস্পতিবার, ১২:০০-৭:০০AM | ১১:০০AM-১২:০০AM; শুক্রবার, ১২:০০-৭:০০AM; শনিবার, ১১:০০AM-১২:০০AM; রবিবার, ১২:০০-৭:০০AM | ১১:০০AM-১২:০০AM; ","Lat 23.753036299999998","Lng 90.382143","23.753036299999998,90.382143","7MMGQ93J+6V6","ChIJwXRl1a-4VTcREzPuaey68fg","https://www.google.com/maps/place/?q=place_id:ChIJwXRl1a-4VTcREzPuaey68fg","17938324315345662739","https://www.google.com/search?kgmid=/g/11b7q415w0","/g/11b7q415w0","https://lh3.googleusercontent.com/gps-cs-s/APNQkAFonAGVMNXxYuP43niLVcB9djoSNkHvQWaArMEPWcRc0AJPYcL8zKPmjfq_YNtjZxlAz6Qml_Ht4A2CYM2XXeuJcbYqMBYbshLXrmKiiRZGHEkSFzIXpCutM8R1MpZf4v-Lc_MElw"," ","https://search.google.com/local/reviews?placeid=ChIJwXRl1a-4VTcREzPuaey68fg&q=shop+,Dhaka&authuser=0&hl=bn&gl=BD"," "," "," "," "," "," ","0ahUKEwi2neWN6puVAxUu3TgGHYNTObIQ8BcInAIoDQ","1782165033930","1782165012537"
"29","shop ,Dhaka","যমুনা ফিউচার পার্ক","KA-244  Kuril  Progoti Shoroni  ঢাকা","KA-244  Kuril  Progoti Shoroni","ঢাকা"," ","ঢাকা","BD","Asia/Dhaka","পৃথিবীর বিভিন্ন ব্র্যান্ড, ফুড কোর্ট, ইনডোর বিনোদনের পার্ক ও সিনেমা হল সহ ৭ তলার বিস্তৃত শপিং মল।","বিস্তৃত শপিং মল ও ইনডোর থিম পার্ক","01324242578","01324-242578","+8801324242579",,"http://www.jamunafuturepark.com/","jamunafuturepark.com","শপিং মল"," ","Yes","82287","4.4","বিস্তৃত শপিং মল ও ইনডোর থিম পার্ক","open","মঙ্গলবার, ১১:০০AM-৯:০০PM; বুধবার, Closed; বৃহস্পতিবার, ১১:০০AM-৯:০০PM; শুক্রবার, ১১:০০AM-৯:০০PM; শনিবার, ১১:০০AM-৯:০০PM; রবিবার, ১১:০০AM-৯:০০PM; সোমবার, ১১:০০AM-৯:০০PM; ","Lat 23.8135411","Lng 90.4242393","23.8135411,90.4242393","7MMGRC7F+CM9","ChIJwRZfuS_GVTcR7m01cIMkM7M","https://www.google.com/maps/place/?q=place_id:ChIJwRZfuS_GVTcR7m01cIMkM7M","12912704703543209454","https://www.google.com/search?kgmid=/m/04y84sx","/m/04y84sx","https://lh3.googleusercontent.com/gps-cs-s/APNQkAHYMuNGTRu5S9QmpscaebDD_8lbLhnLVLQxMGVC53_cl4i296OYwCcSjUNmMLxxUQlM2giwhGcNN68xF3eXZZ_0yhvu7x3WbZJgehMs0MayZgQ8CrfYJDVB0fzWUoaaD0D-AY2AIA","https://t1.gstatic.com/faviconV2?client=SOCIAL&type=FAVICON&fallback_opts=TYPE,SIZE,URL&url=http://www.jamunafuturepark.com/&size=48","https://search.google.com/local/reviews?placeid=ChIJwRZfuS_GVTcR7m01cIMkM7M&q=shop+,Dhaka&authuser=0&hl=bn&gl=BD","https://www.facebook.com/futurefitnessjfp","https://www.linkedin.com/company/jamuna-future-park/mycompany/","https://twitter.com/JFPshoppingmall","https://www.instagram.com/jamuna_future_park/","https://www.youtube.com/channel/UCEUikBSqfp8UCL7Gp3evwog","Put your description here.","0ahUKEwi2neWN6puVAxUu3TgGHYNTObIQ8BcIwwIoDg","1782165033932","1782165012537"
"30","shop ,Dhaka","রিপন স্টোর","2nd floor  1/3 Begum Bazar  ঢাকা 1211","2nd floor","ঢাকা","1211","ঢাকা 1211","BD","Asia/Dhaka"," "," ","01761555555","01761-555555",,,"http://www.facebook.com/riponatore","facebook.com","গয়নার দোকান","জহুরি","Yes","65","4"," ","open","মঙ্গলবার, ৮:০০AM-৮:০০PM; বুধবার, ৮:০০AM-৮:০০PM; বৃহস্পতিবার, ৮:০০AM-৮:০০PM; শুক্রবার, Closed; শনিবার, ৮:০০AM-৮:০০PM; রবিবার, ৮:০০AM-৮:০০PM; সোমবার, ৮:০০AM-৮:০০PM; ","Lat 23.716411299999997","Lng 90.39688579999999","23.716411299999997,90.39688579999999","7MMGP98W+HQ6","ChIJb2bdxuG4VTcR1Eac0BJ8nkw","https://www.google.com/maps/place/?q=place_id:ChIJb2bdxuG4VTcR1Eac0BJ8nkw","5520986613453965012","https://www.google.com/search?kgmid=/g/1tk1lbvd","/g/1tk1lbvd","https://lh3.googleusercontent.com/gps-cs-s/APNQkAFRhObKuX-MY4xWzroaxJ6iFlWjZOA-t9SeDgkSQHYa85Lj7ZDVI6v7tlmrR6n1fvAfwY8bXRpgsDJyVNb-ftZLjwrkwxC2zmv6rKYrQ2QjWBtA9rTnazg5tly9R72MM-a40tA","https://t1.gstatic.com/faviconV2?client=SOCIAL&type=FAVICON&fallback_opts=TYPE,SIZE,URL&url=http://www.facebook.com/riponatore&size=48","https://search.google.com/local/reviews?placeid=ChIJb2bdxuG4VTcR1Eac0BJ8nkw&q=shop+,Dhaka&authuser=0&hl=bn&gl=BD"," "," "," ",,,,"0ahUKEwi2neWN6puVAxUu3TgGHYNTObIQ8BcI6gIoDw","1782165033935","1782165012537"
"31","shop ,Dhaka","Dhaka College opposite side","Shop No 236 2nd Floor  Globe Shopping Center  24 মিরপুর সড়ক  ঢাকা 1205","Shop No 236 2nd Floor","ঢাকা","1205","Globe Shopping Center","BD","Asia/Dhaka"," "," "," ",," "," ",,,"কাপড়ের দোকান"," ","No","0","0"," ","open"," ","Lat 23.7361109","Lng 90.38434579999999","23.7361109,90.38434579999999","7MMGP9PM+CPX","ChIJ1WrqPgC5VTcRlviNHNYTkaE","https://www.google.com/maps/place/?q=place_id:ChIJ1WrqPgC5VTcRlviNHNYTkaE","11642108322052438166","https://www.google.com/search?kgmid=/g/11mlq4d2qq","/g/11mlq4d2qq","https://streetviewpixels-pa.googleapis.com/v1/thumbnail?panoid"," "," "," "," "," "," "," "," ","0ahUKEwi2neWN6puVAxUu3TgGHYNTObIQ8BcIkwMoEA","1782165033936","1782165012537"
"32","shop ,Dhaka","BDF Mart","Suite 3N  Sagorika Complex  B 46 মিরপুর সড়ক  ঢাকা 1205","Suite 3N  Sagorika Complex","ঢাকা","1205","ঢাকা 1205","BD","Asia/Dhaka"," "," ","01766283695","01766-283695"," "," ",,,"দোকান"," ","No","16","4.7"," ","open","মঙ্গলবার, Closed; বুধবার, ১০:৩০AM-১০:০০PM; বৃহস্পতিবার, ১০:০০AM-১০:০০PM; শুক্রবার, ১০:০০AM-১০:০০PM; শনিবার, ১০:০০AM-১০:০০PM; রবিবার, ১০:০০AM-১০:০০PM; সোমবার, ১০:০০AM-১০:০০PM; ","Lat 23.7384031","Lng 90.3842895","23.7384031,90.3842895","7MMGP9QM+9P7","ChIJXZR6tLq5VTcRMfXpQhopyeQ","https://www.google.com/maps/place/?q=place_id:ChIJXZR6tLq5VTcRMfXpQhopyeQ","16485753103734928689","https://www.google.com/search?kgmid=/g/11n01bp9cd","/g/11n01bp9cd","https://lh3.googleusercontent.com/gps-cs-s/APNQkAHTOVlkSvGsjXdHxpXohk4_cA6_1a45OxyL582JcMHKMPkXJXBvl7f7fm6fcCKhE6GVHH43fYzsgwDMOpbgPWAcTt8Ujd9HhJLdJKz4vcqEtMv2sY_AgE1LYMcbwyEapccJTKd-_A"," ","https://search.google.com/local/reviews?placeid=ChIJXZR6tLq5VTcRMfXpQhopyeQ&q=shop+,Dhaka&authuser=0&hl=bn&gl=BD"," "," "," "," "," "," ","0ahUKEwi2neWN6puVAxUu3TgGHYNTObIQ8BcIrQMoEQ","1782165033938","1782165012537"
"33","shop ,Dhaka","বেবি শপ","Shop No. 201/202  Shimanto Square  ঢাকা 1205","Shop No. 201/202","ঢাকা","1205","ঢাকা 1205","BD","Asia/Dhaka"," "," ","01708408815","01708-408815"," "," ",,,"কাপড়ের দোকান","শিশুদের পোশাকের দোকান","Yes","4","4.3"," ","open","সোমবার, ১০:০০AM-১২:০০AM; মঙ্গলবার, ১২:০০-৮:০০AM; বুধবার, ১১:০০AM-১২:০০AM; বৃহস্পতিবার, ১২:০০-৮:০০AM | ১০:০০AM-৮:০০PM; শুক্রবার, ১০:০০AM-৮:০০PM; শনিবার, ১০:০০AM-৮:০০PM; রবিবার, ১০:০০AM-৮:০০PM; ","Lat 23.7379563","Lng 90.3772771","23.7379563,90.3772771","7MMGP9QG+5WJ","ChIJm7U8Ysq4VTcRFvoGQO3zmk0","https://www.google.com/maps/place/?q=place_id:ChIJm7U8Ysq4VTcRFvoGQO3zmk0","5592050087640889878","https://www.google.com/search?kgmid=/g/11f677rp31","/g/11f677rp31","//lh4.googleusercontent.com/yE7LoN86he9MK3B8DtdkagwXPkZU-hwoHE1r3djzSOHAUhVWkqbgCRSBqk-zYk2i"," ","https://search.google.com/local/reviews?placeid=ChIJm7U8Ysq4VTcRFvoGQO3zmk0&q=shop+,Dhaka&authuser=0&hl=bn&gl=BD"," "," "," "," "," "," ","0ahUKEwi2neWN6puVAxUu3TgGHYNTObIQ8BcI1wMoEg","1782165033940","1782165012537"
"34","shop ,Dhaka","অস্ত্র স্টোর বাংলাদেশ","54/1  Monessor Road  Zigatola  Dhanmondi  Dhaka-1209 Dhaka City  1209","54/1  Monessor Road  Zigatola  Dhanmondi  Dhaka-1209 Dhaka City","ঢাকা","1209","1209","BD","Asia/Dhaka"," "," ","01874620291","01874-620291"," "," ",,,"উপহারের দোকান"," ","No","0","0"," ","open"," ","Lat 23.739106399999997","Lng 90.36703879999999","23.739106399999997,90.36703879999999","7MMGP9Q8+JRV","ChIJ8_ce33e_VTcRDUKPvYeh5Ng","https://www.google.com/maps/place/?q=place_id:ChIJ8_ce33e_VTcRDUKPvYeh5Ng","15628794211255403021","https://www.google.com/search?kgmid=/g/11k3h1j638","/g/11k3h1j638","https://streetviewpixels-pa.googleapis.com/v1/thumbnail?panoid"," "," "," "," "," "," "," "," ","0ahUKEwi2neWN6puVAxUu3TgGHYNTObIQ8BcI_wMoEw","1782165033941","1782165012537"
"35","shop ,Dhaka","অ্যাব শপ বাংলাদেশ","106/22  1 no gate  ঢাকা 1205","106/22  1 no gate","ঢাকা","1205","ঢাকা 1205","BD","Asia/Dhaka"," "," ","01320887088","01320-887088"," "," ",,,"ফ্যাশন মালপত্রের দোকান"," ","No","1","5"," ","open","মঙ্গলবার, ১০:০০AM-১১:৩০PM; বুধবার, ১০:০০AM-১১:৩০PM; বৃহস্পতিবার, ১০:০০AM-১১:৩০PM; শুক্রবার, ১০:০০AM-১০:৩০PM; শনিবার, ১০:০০AM-১০:৩০PM; রবিবার, ১০:০০AM-১১:৩০PM; সোমবার, ১০:০০AM-১১:৩০PM; ","Lat 23.7630785","Lng 90.3874756","23.7630785,90.3874756","7MMGQ97P+6XQ","ChIJp1CZ8xi5VTcRlO6CgQDi5MI","https://www.google.com/maps/place/?q=place_id:ChIJp1CZ8xi5VTcRlO6CgQDi5MI","14043598029848768148","https://www.google.com/search?kgmid=/g/11py_tfsv3","/g/11py_tfsv3","https://lh3.googleusercontent.com/gps-cs-s/APNQkAEg9HzMH4OWmCy_KFDlfad9kRWv8-ai8JjFKH8r1VdBAE6oqtQUHqDDCwlykqXNU3CFf55gLl4SPv_C13SIBUjUnI792H_oSNSszRUIvVb2vQ4PnwwZPJjHqlc-zOB6QiTBN7Dx"," ","https://search.google.com/local/reviews?placeid=ChIJp1CZ8xi5VTcRlO6CgQDi5MI&q=shop+,Dhaka&authuser=0&hl=bn&gl=BD"," "," "," "," "," "," ","0ahUKEwi2neWN6puVAxUu3TgGHYNTObIQ8BcImgQoFA","1782165033943","1782165012537"
"36","shop ,Dhaka","Shop No-5/46  145","Eastern Plus Shopping Complex  Shantinagar  ঢাকা 1217","Eastern Plus Shopping Complex","ঢাকা","1217","ঢাকা 1217","BD","Asia/Dhaka"," "," "," ",," "," ",,," "," ","Yes","0","0"," ","open"," ","Lat 23.7390361","Lng 90.4150772","23.7390361,90.4150772","7MMGPCQ8+J28","ChIJQc2-gWC4VTcRLR5-UuiKkhE","https://www.google.com/maps/place/?q=place_id:ChIJQc2-gWC4VTcRLR5-UuiKkhE","1266227175665573421","https://www.google.com/search?kgmid=/g/11q8g39tbd","/g/11q8g39tbd","https://streetviewpixels-pa.googleapis.com/v1/thumbnail?panoid"," "," "," "," "," "," "," "," ","0ahUKEwi2neWN6puVAxUu3TgGHYNTObIQ8BcIwQQoFQ","1782165033944","1782165012537"
"37","shop ,Dhaka","নিত্য উপহার","৩২০  ৩য় তলা  সাতমসজিদ সুপার মার্কেট  মোহাম্মদপুর বাস স্ট্যান্ড  Dhaka  1207","৩২০  ৩য় তলা  সাতমসজিদ সুপার মার্কেট  মোহাম্মদপুর বাস স্ট্যান্ড  Dhaka","ঢাকা","1207","1207","BD","Asia/Dhaka"," "," ","01310550971","01310-550971",,"nityaupaharbd@gmail.com","https://nityaupahar.shop/","nityaupahar.shop","কাপড়ের দোকান"," ","Yes","11","4.3"," ","open","মঙ্গলবার, Closed; বুধবার, ১০:০০AM-৮:০০PM; বৃহস্পতিবার, ১০:০০AM-৮:০০PM; শুক্রবার, ১০:০০AM-৮:০০PM; শনিবার, ১০:০০AM-৯:০০PM; রবিবার, ১০:০০AM-৮:০০PM; সোমবার, ১০:০০AM-৮:০০PM; ","Lat 23.7574041","Lng 90.3608144","23.7574041,90.3608144","7MMGQ946+X88","ChIJZQAwlfPBVTcRbPXvY0kqoyY","https://www.google.com/maps/place/?q=place_id:ChIJZQAwlfPBVTcRbPXvY0kqoyY","2784115489342748012","https://www.google.com/search?kgmid=/g/11g2w51rjb","/g/11g2w51rjb","https://lh3.googleusercontent.com/gps-cs-s/APNQkAFJhLuRvxJANgXzTAWfiO8OVSeivXn5ydnAKB1aG4-m7M2ZvIv8f0DMsmA-RCMtTo4GNgRJ1OXUV3VA_u7rKBx9Oo29pBkaw61CRTbSjLiswGdKyaBFYLTR2K5k6iwY3k1Bxm6B","https://t1.gstatic.com/faviconV2?client=SOCIAL&type=FAVICON&fallback_opts=TYPE,SIZE,URL&url=https://nityaupahar.shop/&size=48","https://search.google.com/local/reviews?placeid=ChIJZQAwlfPBVTcRbPXvY0kqoyY&q=shop+,Dhaka&authuser=0&hl=bn&gl=BD","https://www.facebook.com/nityaupahar/"," ","https://twitter.com/NUpahar","https://www.instagram.com/nitya_upahar/","https://www.youtube.com/watch?v=95_Suv7avPA",,"0ahUKEwi2neWN6puVAxUu3TgGHYNTObIQ8BcI2QQoFg","1782165033946","1782165012537"
"38","shop ,Dhaka","ষোলক - অনলাইন শপ ইন বাংলাদেশ","14  E/1 Modhubag Rd  ঢাকা 1217","14","ঢাকা","1217","ঢাকা 1217","BD","Asia/Dhaka"," "," ","01716509407","01716-509407",,,"https://sholok.com/","sholok.com","কাপড়ের দোকান","শিশু সামগ্রীর দোকান","Yes","0","0"," ","open","মঙ্গলবার, ১০:০০AM-৫:০০PM; বুধবার, ১০:০০AM-৫:০০PM; বৃহস্পতিবার, ১০:০০AM-৫:০০PM; শুক্রবার, Closed; শনিবার, ১০:০০AM-৫:০০PM; রবিবার, ১০:০০AM-৫:০০PM; সোমবার, ১০:০০AM-৫:০০PM; ","Lat 23.7564247","Lng 90.4112816","23.7564247,90.4112816","7MMGQC46+HG7","ChIJ7ZH8fnm5VTcRnQtNaWvwXR8","https://www.google.com/maps/place/?q=place_id:ChIJ7ZH8fnm5VTcRnQtNaWvwXR8","2260226932128680861","https://www.google.com/search?kgmid=/g/11tj7s2hhs","/g/11tj7s2hhs","https://lh3.googleusercontent.com/gps-cs-s/APNQkAFIKKjOrz9gSeJIAMM57-AvGIKMuVuj9JGSaYwtGlTol-uXE7G3SqDPxBN-JklZijGmxYmRtTyy6PowP0bDFXhi9Y7JomQP3WS4ILVb3CLz86ziZz5JSuH77Duiu8O9dpNk6ArcTQ","https://t1.gstatic.com/faviconV2?client=SOCIAL&type=FAVICON&fallback_opts=TYPE,SIZE,URL&url=https://sholok.com/&size=48"," "," "," "," ",,,,"0ahUKEwi2neWN6puVAxUu3TgGHYNTObIQ8BcIgAUoFw","1782165033948","1782165012537"
"39","shop ,Dhaka","ঢাকা বুটিকস","47  355A  2nd Floor  Priangoan Shopping Center Sceience Lab More  মিরপুর সড়ক  ঢাকা 1205","47  355A  2nd Floor  Priangoan Shopping Center Sceience Lab More","ঢাকা","1205","ঢাকা 1205","BD","Asia/Dhaka"," "," ","01679275518","01679-275518"," "," ",,,"মহিলাদের পোশাকের দোকান"," ","No","1","1"," ","open","মঙ্গলবার, Closed; বুধবার, ১০:০০AM-৯:০০PM; বৃহস্পতিবার, ১০:০০AM-৯:০০PM; শুক্রবার, ১০:০০AM-৯:০০PM; শনিবার, ১০:০০AM-৯:০০PM; রবিবার, ১০:০০AM-৯:০০PM; সোমবার, ১০:০০AM-৯:০০PM; ","Lat 23.738187399999997","Lng 90.38395249999999","23.738187399999997,90.38395249999999","7MMGP9QM+7HG","ChIJURFLD8i4VTcRJ95zAevUodQ","https://www.google.com/maps/place/?q=place_id:ChIJURFLD8i4VTcRJ95zAevUodQ","15321761513097911847","https://www.google.com/search?kgmid=/g/11g3j1stjm","/g/11g3j1stjm","//lh3.googleusercontent.com/N7M1ozQqM2Rajw2MKkWO48k0gStseW9XxUi1cEV4LvKpRk66RJjzcMVupK6zutMu"," ","https://search.google.com/local/reviews?placeid=ChIJURFLD8i4VTcRJ95zAevUodQ&q=shop+,Dhaka&authuser=0&hl=bn&gl=BD"," "," "," "," "," "," ","0ahUKEwi2neWN6puVAxUu3TgGHYNTObIQ8BcIqQUoGA","1782165033949","1782165012537"
"40","shop ,Dhaka","১ টু ৯৯ মার্কেট","House-60/62  Dhaka Uddan  Hazi Dil Mohammad Avenue  Mohammadpur  ঢাকা 1207","House-60/62  Dhaka Uddan  Hazi Dil Mohammad Avenue","ঢাকা","1207","ঢাকা 1207","BD","Asia/Dhaka"," "," ","01716644491","01716-644491"," "," ",,,"উপহারের দোকান","পুতুলের দোকান","No","5","4.8"," ","open","মঙ্গলবার, ৯:০০AM-১১:০০PM; বুধবার, ৯:০০AM-১১:০০PM; বৃহস্পতিবার, ৯:০০AM-১১:০০PM; শুক্রবার, ৯:০০AM-১১:০০PM; শনিবার, ৯:০০AM-১১:০০PM; রবিবার, ৯:০০AM-১১:০০PM; সোমবার, ৯:০০AM-১১:০০PM; ","Lat 23.7633759","Lng 90.3435451","23.7633759,90.3435451","7MMGQ87V+9C3","ChIJ5bP7cILAVTcR8ocCDLm7PT8","https://www.google.com/maps/place/?q=place_id:ChIJ5bP7cILAVTcR8ocCDLm7PT8","4557004801413646322","https://www.google.com/search?kgmid=/g/11f3w6yq57","/g/11f3w6yq57","//lh4.googleusercontent.com/G8_2mEc-4_AYP8kQyDGhULLjKN1H7yJxgmQP2ssYsMMId2uYkIkHFeC8ewR93pLifQ"," ","https://search.google.com/local/reviews?placeid=ChIJ5bP7cILAVTcR8ocCDLm7PT8&q=shop+,Dhaka&authuser=0&hl=bn&gl=BD"," "," "," "," "," "," ","0ahUKEwi2neWN6puVAxUu3TgGHYNTObIQ8BcI0gUoGQ","1782165033950","1782165012537"