"id","Keyword","Name","Full_Address","Street_Address","City","Zip","Municipality","Country","Timezone","Phone_1","Phone_Standard_format","Phone_From_WEBSITE","Email_From_WEBSITE","Website","Domain","First_category","Second_category","Claimed_google_my_business","Reviews_count","Average_rating","Business_Status","Hours","Latitude","Longitude","Coordinates","Plus_Code","Place_ID","Menu_Link","GMB_URL","CID","Google_Knowledge_URL","Kgmid","Image_URL","Favicon","Review_URL","Facebook_URL","Linkedin_URL","Twitter_URL","Instagram_URL","Youtube_URL","Meta_Description","Meta_Keywords","Uuid","Created_At","Session_Start_Time"
"1","business owner , Bangladesh","ফরএভার বিজনেস ওনার (ফরএভার লিভিং প্রোডাক্টস বাংলাদেশ)","10 Kawran Bazar Rd  ঢাকা 1215","10 Kawran Bazar Rd","ঢাকা","1215","ঢাকা 1215","BD","Asia/Dhaka"," ",,,,"https://chat.whatsapp.com/BZZZmes4ch951G5mqVVflu","chat.whatsapp.com","ব্যবসায়িক কেন্দ্র","সমিতি / সংস্থা","Yes","1","5","open","মঙ্গলবার, Open 24 hours; বুধবার, Open 24 hours; বৃহস্পতিবার, Open 24 hours; শুক্রবার, Open 24 hours; শনিবার, Open 24 hours; রবিবার, Open 24 hours; সোমবার, Open 24 hours; ","Lat 23.7503729","Lng 90.3936354","23.7503729,90.3936354","7MMGQ92V+4FR","ChIJX449B9y5VTcRMW0QZeUPjXU"," ","https://www.google.com/maps/place/?q=place_id:ChIJX449B9y5VTcRMW0QZeUPjXU","8470443952071273777","https://www.google.com/search?kgmid=/g/11t_q08bg9","/g/11t_q08bg9","https://lh3.googleusercontent.com/gps-cs-s/APNQkAH0qJpCC1qjtxKfoMpqKcsMZDB1fjUZH5-wMYoa0r9jz9pfWE8zuyQ66XpMrubYzNGZktdCR6NsyPHMdEAGSBcfrppBuzUeQyPFIFOnvnSo9wLHFKpfWsde2P8Tlh0GFQ5UDotRNg","https://t1.gstatic.com/faviconV2?client=SOCIAL&type=FAVICON&fallback_opts=TYPE,SIZE,URL&url=https://chat.whatsapp.com/BZZZmes4ch951G5mqVVflu&size=48","https://search.google.com/local/reviews?placeid=ChIJX449B9y5VTcRMW0QZeUPjXU&q=business+owner+,+Bangladesh&authuser=0&hl=bn&gl=BD","https://www.facebook.com/profile.php?id=100064758844406"," "," ","https://www.instagram.com/whatsapp/?hl=en","https://www.youtube.com/channel/UCAuerig2N-RZWJT8x75V9yw","WhatsApp Group Invite",,"0ahUKEwjfy7bD65uVAxWZRmwGHRhGKRoQ8BcICygG","1782165414683","1782165410333"
"2","business owner , Bangladesh","ফরএভার বিজনেস ওনার","65/3 নর্থ সার্কুলার রোড  ঢাকা 1215","65/3 নর্থ সার্কুলার রোড","ঢাকা","1215","ঢাকা 1215","BD","Asia/Dhaka","01534816888","01534-816888"," "," ",,,"স্বাস্থ্য এবং সৌন্দর্য পণ্যের দোকান"," ","Yes","2","5","open","মঙ্গলবার, ১০:০০AM-৮:০০PM; বুধবার, ১০:০০AM-৮:০০PM; বৃহস্পতিবার, ১০:০০AM-৮:০০PM; শুক্রবার, ১০:০০AM-৮:০০PM; শনিবার, Closed; রবিবার, ১০:০০AM-৮:০০PM; সোমবার, ১০:০০AM-৮:০০PM; ","Lat 23.7441976","Lng 90.389454","23.7441976,90.389454","7MMGP9VQ+MQG","ChIJU-AHr5q5VTcRlBj6YHW-SgU"," ","https://www.google.com/maps/place/?q=place_id:ChIJU-AHr5q5VTcRlBj6YHW-SgU","381326529813682324","https://www.google.com/search?kgmid=/g/11hh_7xn53","/g/11hh_7xn53","https://lh3.googleusercontent.com/gps-cs-s/APNQkAHtgdmP48eiArcf2R3xWLZxVIJz9H-GPGZ1sciaIsjh_tdDasme0vK3WKUi9jpWiuGo7bkwz-n2DmQJEGPqlWkQ659rEfL0z8zvdZB84nOnMM15GMjIw2K4gk8tnwMiGXsE_gk"," ","https://search.google.com/local/reviews?placeid=ChIJU-AHr5q5VTcRlBj6YHW-SgU&q=business+owner+,+Bangladesh&authuser=0&hl=bn&gl=BD"," "," "," "," "," "," "," ","0ahUKEwjfy7bD65uVAxWZRmwGHRhGKRoQ8BcILygH","1782165414688","1782165410333"
"3","business owner , Bangladesh","বাংলাদেশ বিজনেস বোরো","293  Jafrabad - Sanker Rd  ঢাকা 1207","293","ঢাকা","1207","ঢাকা 1207","BD","Asia/Dhaka","01791914969","01791-914969",,,"http://bangladeshbusinessbureau.xyz/","bangladeshbusinessbureau.xyz","অটোমেশন কোম্পানি","মেশিন ওয়ার্কশপ","Yes","1","2","open","মঙ্গলবার, Open 24 hours; বুধবার, Open 24 hours; বৃহস্পতিবার, Open 24 hours; শুক্রবার, ৩:০০AM-১২:০০PM; শনিবার, Open 24 hours; রবিবার, Open 24 hours; সোমবার, Open 24 hours; ","Lat 23.7510169","Lng 90.3650368","23.7510169,90.3650368","7MMGQ928+C23","ChIJ-w190he_VTcR9rwwQaZKpX4"," ","https://www.google.com/maps/place/?q=place_id:ChIJ-w190he_VTcR9rwwQaZKpX4","9125782297854917878","https://www.google.com/search?kgmid=/g/11sv111hdh","/g/11sv111hdh","https://lh3.googleusercontent.com/gps-cs-s/APNQkAFVOViqrJJQpcLa0VV2Ds2ubk4xXhmqIeuL-J8VMEjgR6Bg1z0i51p17G_4R40xZI3buIHkuTWgGn0AN3LagigzOxZwQEI34_rWa6wPvN_0R_q-av1u9oCr9gndp5OeKbVEJa4","https://t1.gstatic.com/faviconV2?client=SOCIAL&type=FAVICON&fallback_opts=TYPE,SIZE,URL&url=http://bangladeshbusinessbureau.xyz/&size=48","https://search.google.com/local/reviews?placeid=ChIJ-w190he_VTcR9rwwQaZKpX4&q=business+owner+,+Bangladesh&authuser=0&hl=bn&gl=BD"," "," "," ",,,,,"0ahUKEwjfy7bD65uVAxWZRmwGHRhGKRoQ8BcIVSgI","1782165414691","1782165410333"
"4","business owner , Bangladesh","বিজনেস ইন্সপেকশন","5th floor  169/1/A/2  Amir Tower  Dhonia Bazar Rd  ঢাকা 1204","5th floor  169/1/A/2","ঢাকা","1204","Amir Tower","BD","Asia/Dhaka","01810179960","01810-179960"," "," ",,,"মিডিয়া কোম্পানি"," ","Yes","2","5","open","মঙ্গলবার, ৯:০০AM-৫:০০PM; বুধবার, ৯:০০AM-৫:০০PM; বৃহস্পতিবার, ৯:০০AM-৫:০০PM; শুক্রবার, Closed; শনিবার, ৯:০০AM-৫:০০PM; রবিবার, ৯:০০AM-৫:০০PM; সোমবার, ৯:০০AM-৫:০০PM; ","Lat 23.6984863","Lng 90.4355456","23.6984863,90.4355456","7MMGMCXP+96V","ChIJlV7L1T7EVTcRYCSwz8SXKvQ"," ","https://www.google.com/maps/place/?q=place_id:ChIJlV7L1T7EVTcRYCSwz8SXKvQ","17594041765830075488","https://www.google.com/search?kgmid=/g/11np3gt74f","/g/11np3gt74f","https://streetviewpixels-pa.googleapis.com/v1/thumbnail?panoid"," ","https://search.google.com/local/reviews?placeid=ChIJlV7L1T7EVTcRYCSwz8SXKvQ&q=business+owner+,+Bangladesh&authuser=0&hl=bn&gl=BD"," "," "," "," "," "," "," ","0ahUKEwjfy7bD65uVAxWZRmwGHRhGKRoQ8BcIhwEoCQ","1782165414692","1782165410333"
"5","business owner , Bangladesh","Fire Fighting Equipment Business Owners Association of Bangladesh (FEBOAB)","Delower Complex (6th Floor) 26  Shahid Nazrul Islam Sarak  হাটখোলা রোড  ঢাকা 1203","Delower Complex (6th Floor) 26  Shahid Nazrul Islam Sarak","ঢাকা","1203","ঢাকা 1203","BD","Asia/Dhaka","01796179863","01796-179863",,,"http://www.feboab.org/","feboab.org","সমিতি / সংস্থা"," ","No","1","5","open","মঙ্গলবার, ১০:০০AM-৬:০০PM; বুধবার, ১০:০০AM-৬:০০PM; বৃহস্পতিবার, ১০:০০AM-৬:০০PM; শুক্রবার, Closed; শনিবার, ১০:০০AM-৬:০০PM; রবিবার, ১০:০০AM-৬:০০PM; সোমবার, ১০:০০AM-৬:০০PM; ","Lat 23.7198516","Lng 90.41993169999999","23.7198516,90.41993169999999","7MMGPC99+WXV","ChIJcwXedwC5VTcRVcseWVE5rUk"," ","https://www.google.com/maps/place/?q=place_id:ChIJcwXedwC5VTcRVcseWVE5rUk","5308962557290007381","https://www.google.com/search?kgmid=/g/11wp_smkwd","/g/11wp_smkwd","https://lh3.googleusercontent.com/gps-cs-s/APNQkAH5SjUs-VTk3QCWoOaxVBgQggIX5GdMB7OIUSp_4NrAw8N31tprU4TQ0NqWR-bS_yEOKb1p4kgx8PtlYh4cx3yCsAxIP3rjpUNcCNMPKDfn9BD5paTwrKhK6FrmOSnsKFSv79WK","https://t1.gstatic.com/faviconV2?client=SOCIAL&type=FAVICON&fallback_opts=TYPE,SIZE,URL&url=http://www.feboab.org/&size=48","https://search.google.com/local/reviews?placeid=ChIJcwXedwC5VTcRVcseWVE5rUk&q=business+owner+,+Bangladesh&authuser=0&hl=bn&gl=BD"," "," "," "," "," "," "," ","0ahUKEwjfy7bD65uVAxWZRmwGHRhGKRoQ8BcIsQEoCg","1782165414694","1782165410333"
"6","business owner , Bangladesh","পেপারওয়ার্কসবিডি","6th Floor  Opposite Of Baitul Morkarram Mosque  58 Purana Paltan  ঢাকা 1100","6th Floor","ঢাকা","1100","Opposite Of Baitul Morkarram Mosque","BD","Asia/Dhaka","01886012863","01886-012863"," "," ",,,"বিজনেস ম্যানেজমেন্ট কলসাল্টানট"," ","No","1","5","open","মঙ্গলবার, Open 24 hours; বুধবার, Open 24 hours; বৃহস্পতিবার, Open 24 hours; শুক্রবার, Open 24 hours; শনিবার, Open 24 hours; রবিবার, Open 24 hours; সোমবার, Open 24 hours; ","Lat 23.7302884","Lng 90.412774","23.7302884,90.412774","7MMGPCJ7+446","ChIJaXoEojq5VTcReyXHJOoBmTs"," ","https://www.google.com/maps/place/?q=place_id:ChIJaXoEojq5VTcReyXHJOoBmTs","4294465824825484667","https://www.google.com/search?kgmid=/g/11sffnzn01","/g/11sffnzn01","https://lh3.googleusercontent.com/gps-cs-s/APNQkAFkerJhRyoQK-kRsYYwKejs_iwXQZXeQ4BAt1R8K0ABMeiogoRL_OlQzqU9AFdLzkLTVvSUR0toO9TqmU0CRkUkcWgqic8-iFEi2EN49uMrA2ul58elR1XAR0rn14_iGqanJtNMA7pIoUxz"," ","https://search.google.com/local/reviews?placeid=ChIJaXoEojq5VTcReyXHJOoBmTs&q=business+owner+,+Bangladesh&authuser=0&hl=bn&gl=BD"," "," "," "," "," "," "," ","0ahUKEwjfy7bD65uVAxWZRmwGHRhGKRoQ8BcI2wEoCw","1782165414695","1782165410333"
"7","business owner , Bangladesh","সাইবার ক্যাফে ওনার্স অ্যাসোসিয়েশন ওফ বাংলাদেশ (ক্কোয়াব)","Eastern Plaza Commercial Complex  9/29 Sonargaon Road  ঢাকা 1205","Eastern Plaza Commercial Complex","ঢাকা","1205","ঢাকা 1205","BD","Asia/Dhaka","09639922622","09639-922622"," "," ",,,"সমিতি / সংস্থা"," ","No","23","4.8","open","মঙ্গলবার, ১০:৩০AM-৭:০০PM; বুধবার, ১০:৩০AM-৭:০০PM; বৃহস্পতিবার, ১০:৩০AM-৭:০০PM; শুক্রবার, Closed; শনিবার, ১০:৩০AM-৭:০০PM; রবিবার, ১০:৩০AM-৭:০০PM; সোমবার, ১০:৩০AM-৭:০০PM; ","Lat 23.7437829","Lng 90.39153549999999","23.7437829,90.39153549999999","7MMGP9VR+GJ7","ChIJXe1nYb64VTcR9WTM-MI8PCY"," ","https://www.google.com/maps/place/?q=place_id:ChIJXe1nYb64VTcR9WTM-MI8PCY","2755143880139367669","https://www.google.com/search?kgmid=/g/11c6030g3b","/g/11c6030g3b","https://lh3.googleusercontent.com/gps-cs-s/APNQkAHj95kXTBebFJFN-ibMoyvbiJ1B2mRRY6NncIYKX7ipyJnM1utSIDLGwu8iRaflA42r1rJWuJDAFVAfJjhmBrBUZaog3d3ByI3D2KJIRh8uFU-FyAj8svYZawoWZVuUT61mNPVWVQ"," ","https://search.google.com/local/reviews?placeid=ChIJXe1nYb64VTcR9WTM-MI8PCY&q=business+owner+,+Bangladesh&authuser=0&hl=bn&gl=BD"," "," "," "," "," "," "," ","0ahUKEwjfy7bD65uVAxWZRmwGHRhGKRoQ8BcIhgIoDA","1782165414696","1782165410333"
"8","business owner , Bangladesh","ই-কমার্স এ্যাসোসিয়েশন অফ বাংলাদেশ","House 33 ৪ নং রোড  ঢাকা 1205","House 33 ৪ নং রোড","ঢাকা","1205","ঢাকা 1205","BD","Asia/Dhaka","01844696014","01844-696014",,,"http://e-cab.net/","e-cab.net","সমিতি / সংস্থা"," ","Yes","238","4.4","open","মঙ্গলবার, ১০:০০AM-৬:০০PM; বুধবার, ১০:০০AM-৬:০০PM; বৃহস্পতিবার, ১০:০০AM-৬:০০PM; শুক্রবার, Closed; শনিবার, Closed; রবিবার, ১০:০০AM-৬:০০PM; সোমবার, ১০:০০AM-৬:০০PM; ","Lat 23.740358399999998","Lng 90.3784941","23.740358399999998,90.3784941","7MMGP9RH+49X","ChIJn5n55ba4VTcRKsFQ0QsaJNo"," ","https://www.google.com/maps/place/?q=place_id:ChIJn5n55ba4VTcRKsFQ0QsaJNo","15718717237488566570","https://www.google.com/search?kgmid=/g/11bwk5zp_2","/g/11bwk5zp_2","https://lh3.googleusercontent.com/gps-cs-s/APNQkAFW_m4EcOR1mQX0OHeMwDBhxyO4SmyRwKwKyBLvLvfakGtPCgh0uyQ-THUkr6U-m_nf7fZRWj2nG-3zhmsNtFeCauhD8dtv4EGl8v_2MiH434Tztss-rLF9v_4ivo_gJUG0kfoF","https://t1.gstatic.com/faviconV2?client=SOCIAL&type=FAVICON&fallback_opts=TYPE,SIZE,URL&url=http://e-cab.net/&size=48","https://search.google.com/local/reviews?placeid=ChIJn5n55ba4VTcRKsFQ0QsaJNo&q=business+owner+,+Bangladesh&authuser=0&hl=bn&gl=BD"," "," "," "," "," "," "," ","0ahUKEwjfy7bD65uVAxWZRmwGHRhGKRoQ8BcIrgIoDQ","1782165414697","1782165410333"
"9","business owner , Bangladesh","বিজনেস ইনিশিয়েটিভ লিডিং ডেভেলপমেন্ট (বিল্ড)","9th Floor  Dhaka Chamber Building  65-66 মতিঝিল রোড  ঢাকা","9th Floor  Dhaka Chamber Building","ঢাকা"," ","ঢাকা","BD","Asia/Dhaka","029569961","02-9569961","+8801675481544","info@buildbd.org","http://www.buildbd.org/","buildbd.org","ব্যবসায়িক কর্মস্থল"," ","No","36","4.1","open","মঙ্গলবার, ৮:৩০AM-৫:০০PM; বুধবার, ৮:৩০AM-৫:০০PM; বৃহস্পতিবার, ৮:৩০AM-৫:০০PM; শুক্রবার, Closed; শনিবার, Closed; রবিবার, ৮:৩০AM-৫:০০PM; সোমবার, ৮:৩০AM-৫:০০PM; ","Lat 23.727860099999997","Lng 90.42012509999999","23.727860099999997,90.42012509999999","7MMGPCHC+43R","ChIJ5xXEj1q4VTcROOPpwzB0acw"," ","https://www.google.com/maps/place/?q=place_id:ChIJ5xXEj1q4VTcROOPpwzB0acw","14729431809086055224","https://www.google.com/search?kgmid=/g/1ydpvc5x0","/g/1ydpvc5x0","https://lh3.googleusercontent.com/gps-cs-s/APNQkAG_klfBxVe94kolV7Is3CJ25TJYZ7Vdv_ZorSGhxDCtF95jViPNDv0iF3eJzoSKCtSVH8V9Ru_rkJwfGuHEUahBvdWSOEUD1aSTPIA39xf_yBhVgDiUAf8hHGedfODy0oVzlV-W","https://t1.gstatic.com/faviconV2?client=SOCIAL&type=FAVICON&fallback_opts=TYPE,SIZE,URL&url=http://www.buildbd.org/&size=48","https://search.google.com/local/reviews?placeid=ChIJ5xXEj1q4VTcROOPpwzB0acw&q=business+owner+,+Bangladesh&authuser=0&hl=bn&gl=BD","https://www.facebook.com/buildbdorg"," "," ",,"https://www.youtube.com/channel/UCMXJiDuj-BlWfvGioiz2O7Q/featured",,,"0ahUKEwjfy7bD65uVAxWZRmwGHRhGKRoQ8BcI1AIoDg","1782165414698","1782165410333"
"10","business owner , Bangladesh","বাংলাদেশ বিজনেস সামিট","60 Motijheel C/A  ঢাকা 1000","60 Motijheel C/A","ঢাকা","1000","ঢাকা 1000","BD","Asia/Dhaka","029560102","02-9560102"," "," ",,,"বৈদেশিক বাণিজ্য পরামর্শদাতা"," ","Yes","2","5","open","মঙ্গলবার, ৯:০০AM-৫:০০PM; বুধবার, ৯:০০AM-৫:০০PM; বৃহস্পতিবার, ৯:০০AM-৫:০০PM; শুক্রবার, Closed; শনিবার, Closed; রবিবার, ৯:০০AM-৫:০০PM; সোমবার, ৯:০০AM-৫:০০PM; ","Lat 23.7273638","Lng 90.42064549999999","23.7273638,90.42064549999999","7MMGPCGC+W7R","ChIJPT7ZuRu5VTcRhL40LvhwJ-M"," ","https://www.google.com/maps/place/?q=place_id:ChIJPT7ZuRu5VTcRhL40LvhwJ-M","16368175581930765956","https://www.google.com/search?kgmid=/g/11tndyfjmm","/g/11tndyfjmm","https://lh3.googleusercontent.com/gps-cs-s/APNQkAF2YQpM8NqwSjNpUuMu4jBD0eirlfoGElpt4Ufbzhdy3-DphCr6-4-4yZHrjaE97gb1djhCqD9M3R8JUHVeGU-2-Kww8wjdWYf3iDay-xB-GVjibHDS5YjKRAchYDWgWTSKYK8"," ","https://search.google.com/local/reviews?placeid=ChIJPT7ZuRu5VTcRhL40LvhwJ-M&q=business+owner+,+Bangladesh&authuser=0&hl=bn&gl=BD"," "," "," "," "," "," "," ","0ahUKEwjfy7bD65uVAxWZRmwGHRhGKRoQ8BcI_QIoDw","1782165414699","1782165410333"
"11","business owner , Bangladesh","নেটওয়ার্কিং লোকেশন বিজনেস","23/3 Jigatala Rd  ঢাকা 01209","23/3 Jigatala Rd","ঢাকা","01209","ঢাকা 01209","BD","Asia/Dhaka","01782706567","01782-706567"," "," ",,,"বিজনেস নেটওয়ার্কিং কোম্পানি"," ","No","5","4.2","open"," ","Lat 23.738519","Lng 90.3734324","23.738519,90.3734324","7MMGP9QF+C93","ChIJM3L1ZjW_VTcR385_tSN-Ars"," ","https://www.google.com/maps/place/?q=place_id:ChIJM3L1ZjW_VTcR385_tSN-Ars","13475471726879952607","https://www.google.com/search?kgmid=/g/11fnql93l3","/g/11fnql93l3","https://lh3.googleusercontent.com/gps-cs-s/APNQkAHF55E6_uYd2zhV7U5TJScbCJELKD93NDjFamt1TwaiO5h6BHTR_4w2VCJRvX3CAG7gF-bbvdWi5Ty5lKboow-B8KWEq61QDdMLNSqXQr6K2IK2NGg2i5sfTD_6bTYgBXvDMCl7-Q"," ","https://search.google.com/local/reviews?placeid=ChIJM3L1ZjW_VTcR385_tSN-Ars&q=business+owner+,+Bangladesh&authuser=0&hl=bn&gl=BD"," "," "," "," "," "," "," ","0ahUKEwjfy7bD65uVAxWZRmwGHRhGKRoQ8BcIogMoEA","1782165414700","1782165410333"
"12","business owner , Bangladesh","বিজনেস ডেভেলপমেন্ট কোম্পানি (বিডিসি)","80  4th floor  ঢাকা 1000","80","ঢাকা","1000","ঢাকা 1000","BD","Asia/Dhaka","01972300009","01972-300009",,,"https://www.vatschoolbd.com/","vatschoolbd.com","কর্পোরেট অফিস"," ","No","23","5","open","মঙ্গলবার, Open 24 hours; বুধবার, Open 24 hours; বৃহস্পতিবার, Open 24 hours; শুক্রবার, Open 24 hours; শনিবার, Open 24 hours; রবিবার, Open 24 hours; সোমবার, Open 24 hours; ","Lat 23.7373621","Lng 90.4074442","23.7373621,90.4074442","7MMGPCP4+WXW","ChIJEQI_Z_O4VTcRVxK3SwM-S_A"," ","https://www.google.com/maps/place/?q=place_id:ChIJEQI_Z_O4VTcRVxK3SwM-S_A","17315001376232116823","https://www.google.com/search?kgmid=/g/11f5hvbr9c","/g/11f5hvbr9c","https://lh3.googleusercontent.com/gps-cs-s/APNQkAGXu3lfdeQ1EYwvoWB0hQ453mG8Crj-_eDsWcCzBYdy8cvyTPIfwMYHugV7j6cQo6n3DR13y2qVIXGysVojlJ9QgPcf-PnSRsTD3EsZEmob9weCThjPNn16aiEou47grRU7GAC6","https://t1.gstatic.com/faviconV2?client=SOCIAL&type=FAVICON&fallback_opts=TYPE,SIZE,URL&url=https://www.vatschoolbd.com/&size=48","https://search.google.com/local/reviews?placeid=ChIJEQI_Z_O4VTcRVxK3SwM-S_A&q=business+owner+,+Bangladesh&authuser=0&hl=bn&gl=BD"," "," "," "," "," "," "," ","0ahUKEwjfy7bD65uVAxWZRmwGHRhGKRoQ8BcIvwMoEQ","1782165414701","1782165410333"
"13","business owner , Bangladesh","দি বাংলাদেশ পেপার মার্চেণ্টস্ এসোসিয়েশন","25  Kalabagan 1st Ln  ঢাকা 1100","25","ঢাকা","1100","ঢাকা 1100","BD","Asia/Dhaka","0257395227","02-57395227"," "," ",,,"সমিতি / সংস্থা"," ","No","1","5","open"," ","Lat 23.7125257","Lng 90.40485729999999","23.7125257,90.40485729999999","7MMGPC73+2W9","ChIJc1xT4wK5VTcR7i-dw616UWo"," ","https://www.google.com/maps/place/?q=place_id:ChIJc1xT4wK5VTcR7i-dw616UWo","7661039327863713774","https://www.google.com/search?kgmid=/g/11gjs0k7nv","/g/11gjs0k7nv","//lh6.googleusercontent.com/8hmuLXzl935t-pnnNfyAkoyplH1QVWDEvtUAyW2xtI5pOlcv-U1xI_Sij7hA1iJ0rA"," ","https://search.google.com/local/reviews?placeid=ChIJc1xT4wK5VTcR7i-dw616UWo&q=business+owner+,+Bangladesh&authuser=0&hl=bn&gl=BD"," "," "," "," "," "," "," ","0ahUKEwjfy7bD65uVAxWZRmwGHRhGKRoQ8BcI6AMoEg","1782165414704","1782165410333"
"14","business owner , Bangladesh","ফেডারেশন ভবন","60 মতিঝিল রোড  ঢাকা 1000","60 মতিঝিল রোড","ঢাকা","1000","ঢাকা 1000","BD","Asia/Dhaka","029560102","02-9560102",,,"http://www.fbcci.org/","fbcci.org","ব্যবসায়িক কেন্দ্র"," ","Yes","554","4.3","open","সোমবার, ৯:৩০AM-৪:৩০AM; মঙ্গলবার, ৯:৩০AM-৪:৩০AM; বুধবার, ৯:৩০AM-৪:৩০AM; বৃহস্পতিবার, ৯:৩০AM-৪:৩০AM; শুক্রবার, Closed; শনিবার, ৯:৩০AM-৪:৩০AM; রবিবার, ৯:৩০AM-৪:৩০AM; ","Lat 23.7273861","Lng 90.420722","23.7273861,90.420722","7MMGPCGC+X75","ChIJs4BTn1q4VTcR5U_Lu9g3YjM"," ","https://www.google.com/maps/place/?q=place_id:ChIJs4BTn1q4VTcR5U_Lu9g3YjM","3702583247655096293","https://www.google.com/search?kgmid=/g/11r8wytlx","/g/11r8wytlx","https://lh3.googleusercontent.com/gps-cs-s/APNQkAGQcF0pbgNawNnn-B_WwoSSeyc2kl8ZP9jOvziuzu4JR524AGvRL36nH5GN4GTe06_Rtt5CPUsIhWIRM7vw2ileb2JIdll1t5w_QSgQ4se-IagfwOB-MZ_xhRQ1RWRemZxwARKE","https://t1.gstatic.com/faviconV2?client=SOCIAL&type=FAVICON&fallback_opts=TYPE,SIZE,URL&url=http://www.fbcci.org/&size=48","https://search.google.com/local/reviews?placeid=ChIJs4BTn1q4VTcR5U_Lu9g3YjM&q=business+owner+,+Bangladesh&authuser=0&hl=bn&gl=BD","https://www.facebook.com/fbcci.official","https://www.linkedin.com/company/fbcci/","https://twitter.com/fbccibd","https://www.instagram.com/fbccibd","https://www.youtube.com/@fbccitv1493","Federation of Bangladesh Chambers of Commerce and Industry is the apex trade organization of    Bangladesh playing a pivotal role in consultative and advisory capacity, safeguarding the interest of the private sector    in the country.",,"0ahUKEwjfy7bD65uVAxWZRmwGHRhGKRoQ8BcIhwQoEw","1782165414705","1782165410333"
"15","business owner , Bangladesh","Business Consultant BD","free school street  পান্থপথ  ঢাকা 1205","free school street","ঢাকা","1205","ঢাকা 1205","BD","Asia/Dhaka","01717922448","01717-922448","+8801717922448 | +8801714130488","support@businessconsultantbd.com","https://businessconsultantbd.com/","businessconsultantbd.com","বিজনেস ম্যানেজমেন্ট কলসাল্টানট"," ","Yes","37","5","open","মঙ্গলবার, ৯:০০AM-৮:০০PM; বুধবার, ৯:০০AM-৮:০০PM; বৃহস্পতিবার, ৯:০০AM-৮:০০PM; শুক্রবার, Closed; শনিবার, ৯:০০AM-৮:০০PM; রবিবার, ৯:০০AM-৮:০০PM; সোমবার, ৯:০০AM-৮:০০PM; ","Lat 23.7488428","Lng 90.39070819999999","23.7488428,90.39070819999999","7MMGP9XR+G7P","ChIJ7ynHHwC5VTcRpoaPsohJkGg"," ","https://www.google.com/maps/place/?q=place_id:ChIJ7ynHHwC5VTcRpoaPsohJkGg","7534603028050970278","https://www.google.com/search?kgmid=/g/11wx6xltg5","/g/11wx6xltg5","https://lh3.googleusercontent.com/gps-cs-s/APNQkAFnpUTg9PCzc1mzbjy8sUvJJqR9nVfA-SPgjRTIFaToHKeXSko5C1H_ZHVURVdbaid8XCv4lKrFfF5FlTbVhhw1I-ZiEPQ-Ln9Lkqpksptsl4KziqPKFqUkP0U2FK7O2OEnDRIlAw","https://t1.gstatic.com/faviconV2?client=SOCIAL&type=FAVICON&fallback_opts=TYPE,SIZE,URL&url=https://businessconsultantbd.com/&size=48","https://search.google.com/local/reviews?placeid=ChIJ7ynHHwC5VTcRpoaPsohJkGg&q=business+owner+,+Bangladesh&authuser=0&hl=bn&gl=BD","https://www.facebook.com/BUSINESSCONSULTANTE"," "," ",,,"Anwar Hossain is the Founder & Managing Director of Padma Creative Solution & many other Concern Like Business Bazar ltd, Leading Bangladesh Limited,",,"0ahUKEwjfy7bD65uVAxWZRmwGHRhGKRoQ8BcIrQQoFA","1782165414707","1782165410333"
"16","business owner , Bangladesh","বাংলাদেশ অনলাইন এন্ট্রিপ্রিনিউর্স অ্যাসোসিয়েশন","House: 67/C  Road: 11  ঢাকা 1213","House: 67/C  Road: 11","ঢাকা","1213","ঢাকা 1213","BD","Asia/Dhaka","01777330246","01777-330246"," "," ",,,"সমিতি / সংস্থা"," ","No","0","0","open","মঙ্গলবার, Open 24 hours; বুধবার, Open 24 hours; বৃহস্পতিবার, Open 24 hours; শুক্রবার, Closed; শনিবার, Open 24 hours; রবিবার, Open 24 hours; সোমবার, Open 24 hours; ","Lat 23.7898654","Lng 90.4095176","23.7898654,90.4095176","7MMGQCQ5+WRR","ChIJ0XHvNO3HVTcRU48oC1eBt5A"," ","https://www.google.com/maps/place/?q=place_id:ChIJ0XHvNO3HVTcRU48oC1eBt5A","10427945673049018195","https://www.google.com/search?kgmid=/g/11t1bxp0r3","/g/11t1bxp0r3","https://streetviewpixels-pa.googleapis.com/v1/thumbnail?panoid"," "," "," "," "," "," "," "," "," ","0ahUKEwjfy7bD65uVAxWZRmwGHRhGKRoQ8BcI1gQoFQ","1782165414708","1782165410333"
"17","business owner , Bangladesh","বিজনেস বাংলাদেশ","87 নিউ ইস্কাটন রোড  ঢাকা 1000","87 নিউ ইস্কাটন রোড","ঢাকা","1000","ঢাকা 1000","BD","Asia/Dhaka"," ",," "," ",,,"সংবাদপত্র প্রকাশক"," ","No","10","3.9","open","মঙ্গলবার, Open 24 hours; বুধবার, Open 24 hours; বৃহস্পতিবার, Open 24 hours; শুক্রবার, Open 24 hours; শনিবার, Open 24 hours; রবিবার, Open 24 hours; সোমবার, Open 24 hours; ","Lat 23.7457492","Lng 90.39635659999999","23.7457492,90.39635659999999","7MMGP9WW+7GX","ChIJvZpIj5a4VTcRcskGtnNjvpk"," ","https://www.google.com/maps/place/?q=place_id:ChIJvZpIj5a4VTcRcskGtnNjvpk","11078401482004285810","https://www.google.com/search?kgmid=/g/11f2cllkmn","/g/11f2cllkmn","https://lh3.googleusercontent.com/gps-cs-s/APNQkAHcEh5V50FJiGHaanVK4reNvJji1h6IYXeYEG7OrqTmpyTA4eo2LIWfJf7L6foGZATUWSbeqn36u047RbxEDJkkT-_h9wVHXd5-yTH2BBmjS3WlwxJQWVR9G8YReDDGUtVZboih"," ","https://search.google.com/local/reviews?placeid=ChIJvZpIj5a4VTcRcskGtnNjvpk&q=business+owner+,+Bangladesh&authuser=0&hl=bn&gl=BD"," "," "," "," "," "," "," ","0ahUKEwjfy7bD65uVAxWZRmwGHRhGKRoQ8BcI-QQoFg","1782165414709","1782165410333"
"18","business owner , Bangladesh","বাংলাদেশ গ্রসারি বিজনেস অ্যাসোসিয়েশন","127 মতিঝিল রোড  ঢাকা 1000","127 মতিঝিল রোড","ঢাকা","1000","ঢাকা 1000","BD","Asia/Dhaka"," ",," "," ",,,"ব্যবসায়িক কেন্দ্র"," ","No","4","4.3","open","মঙ্গলবার, ৯:৩১PM-১২:০০AM; বুধবার, ৯:৩১PM-১২:০০AM; বৃহস্পতিবার, ৯:৩১PM-১২:০০AM; শুক্রবার, Closed; শনিবার, Closed; রবিবার, ৯:৩১PM-১২:০০AM; সোমবার, ১২:০০AM-৫:৩১PM | ৯:৩১PM-১২:০০AM; ","Lat 23.7293496","Lng 90.4175783","23.7293496,90.4175783","7MMGPCH9+P2P","ChIJL8UM3wW5VTcR4OfVo22VehQ"," ","https://www.google.com/maps/place/?q=place_id:ChIJL8UM3wW5VTcR4OfVo22VehQ","1475656126049937376","https://www.google.com/search?kgmid=/g/11p49dmwz_","/g/11p49dmwz_","https://lh3.googleusercontent.com/gps-cs-s/APNQkAEeHo6Dc9x1dxdrb30OAJC5_zcnOAWXkGagC6PNmzSWSBWlwByYRLt2GY7M7G20BoRTFQdqiBmLipXfDcYTor2zJVp-vegIItnZvEcSIb-RZz9P40DXfvjj7Cdu57IOtYoAK6QXyw"," ","https://search.google.com/local/reviews?placeid=ChIJL8UM3wW5VTcR4OfVo22VehQ&q=business+owner+,+Bangladesh&authuser=0&hl=bn&gl=BD"," "," "," "," "," "," "," ","0ahUKEwjfy7bD65uVAxWZRmwGHRhGKRoQ8BcImwUoFw","1782165414710","1782165410333"
"19","business owner , Bangladesh","শপআপ এইচকিউ","429-432  Aarong Centre Rd  ঢাকা 1208","429-432","ঢাকা","1208","ঢাকা 1208","BD","Asia/Dhaka"," ",,,"hello@shopup.org","https://shopup.org/","shopup.org","কর্পোরেট অফিস","সমিতি / সংস্থা","Yes","251","4.2","open","মঙ্গলবার, ৯:০০AM-৬:০০PM; বুধবার, ৯:০০AM-৬:০০PM; বৃহস্পতিবার, ৯:০০AM-৬:০০PM; শুক্রবার, Closed; শনিবার, ৯:০০AM-৬:০০PM; রবিবার, ৯:০০AM-৬:০০PM; সোমবার, ৯:০০AM-৬:০০PM; ","Lat 23.766619199999997","Lng 90.39714699999999","23.766619199999997,90.39714699999999","7MMGQ98W+JVR","ChIJ43uEKa64VTcRN45-AxznL6k"," ","https://www.google.com/maps/place/?q=place_id:ChIJ43uEKa64VTcRN45-AxznL6k","12191216823818948151","https://www.google.com/search?kgmid=/g/11c5xv74mk","/g/11c5xv74mk","https://lh3.googleusercontent.com/gps-cs-s/APNQkAGXS-6oprK2qI5Qqv0TfXcM70MIBhCifrDgpqdaZKInnWi1ocJDf9QWOKox5BcQUh-3rsEv0EBelj4O_BoO-OOs97DZLMLMdtod9toi_yI-fcLRT_eH2Yrbgczp_sQQXLiNBIll","https://t1.gstatic.com/faviconV2?client=SOCIAL&type=FAVICON&fallback_opts=TYPE,SIZE,URL&url=https://shopup.org/&size=48","https://search.google.com/local/reviews?placeid=ChIJ43uEKa64VTcRN45-AxznL6k&q=business+owner+,+Bangladesh&authuser=0&hl=bn&gl=BD","https://www.facebook.com/ShopUpNow","https://www.linkedin.com/company/shopfront-limited/","https://twitter.com/HelloShopUp","https://www.instagram.com/shopup.now/",,"Embedding commerce, logistics and financing solutions together to supercharge small businesses.",,"0ahUKEwjfy7bD65uVAxWZRmwGHRhGKRoQ8BcIvgUoGA","1782165414711","1782165410333"
"20","business owner , Bangladesh","ঝোস্ট বাংলাদেশ","House - 6  1 Rd 10  ঢাকা 1207","House - 6","ঢাকা","1207","ঢাকা 1207","BD","Asia/Dhaka","01738881133","01738-881133","+8801580168904",,"https://www.zhostbd.com/","zhostbd.com","ওয়েব হোস্টিং কোম্পানি","ওয়েব ডিজাইনার","Yes","74","4.8","open","মঙ্গলবার, Open 24 hours; বুধবার, Open 24 hours; বৃহস্পতিবার, Open 24 hours; শুক্রবার, Open 24 hours; শনিবার, Open 24 hours; রবিবার, Open 24 hours; সোমবার, Open 24 hours; ","Lat 23.7567311","Lng 90.338769","23.7567311,90.338769","7MMGQ84Q+MGR","ChIJN_09eZjAVTcRuqXsFlnG3LQ","https://www.zhostbd.com/contact/","https://www.google.com/maps/place/?q=place_id:ChIJN_09eZjAVTcRuqXsFlnG3LQ","13032509507642369466","https://www.google.com/search?kgmid=/g/11clmqgr21","/g/11clmqgr21","https://lh3.googleusercontent.com/gps-cs-s/APNQkAHQeWUQTUr_22it3t88gVZ5zARB6hYNsm9xS37Anp2BcDNMNWfgZtUy06IQp6z2apDZlwe5AUvSRhdk5e1b-vRaRbcHnP5GeMOW_L69Ure9k2tpyJpiZMQqOE8z3jBbFKT8U_uN","https://t1.gstatic.com/faviconV2?client=SOCIAL&type=FAVICON&fallback_opts=TYPE,SIZE,URL&url=https://www.zhostbd.com/&size=48","https://search.google.com/local/reviews?placeid=ChIJN_09eZjAVTcRuqXsFlnG3LQ&q=business+owner+,+Bangladesh&authuser=0&hl=bn&gl=BD","https://www.facebook.com/zhostbd/","https://www.linkedin.com/company/zhostbd","https://twitter.com/zhostbd",,"https://www.youtube.com/c/zhostbdwebs?sub_confirmation=1","Call: +8801738881133 to have your desire hosting solution for website. We provide 99.99% Uptime, USA server, domain, web design & dedicated client support out of box.",,"0ahUKEwjfy7bD65uVAxWZRmwGHRhGKRoQ8BcI5QUoGQ","1782165414712","1782165410333"
"21","hospital owner , Bangladesh","বাংলাদেশ প্রাইভেট হাসপাতাল ক্লিনিক ডায়াগনষ্টিক ওনার্স অ্যাসোসিয়েশন","Q93G+Q4G  Rd Number 14  ঢাকা 1209","Q93G+Q4G","ঢাকা","1209","ঢাকা 1209","BD","Asia/Dhaka","08122471ext.9140442","0812-2471 ext. 9140442",,,"https://bphcdoa.com/","bphcdoa.com","সমিতি / সংস্থা"," ","No","3","4.3","open"," ","Lat 23.7544266","Lng 90.3753235","23.7544266,90.3753235","7MMGQ93G+Q4G","ChIJ82JR0ay4VTcR8UVokDJxVrs"," ","https://www.google.com/maps/place/?q=place_id:ChIJ82JR0ay4VTcR8UVokDJxVrs","13499101395074696689","https://www.google.com/search?kgmid=/g/11fqfdr1x0","/g/11fqfdr1x0","https://streetviewpixels-pa.googleapis.com/v1/thumbnail?panoid","https://t1.gstatic.com/faviconV2?client=SOCIAL&type=FAVICON&fallback_opts=TYPE,SIZE,URL&url=https://bphcdoa.com/&size=48","https://search.google.com/local/reviews?placeid=ChIJ82JR0ay4VTcR8UVokDJxVrs&q=hospital+owner+,+Bangladesh&authuser=0&hl=bn&gl=BD"," "," "," "," "," "," "," ","0ahUKEwjup5Sc2qWVAxW-4jgGHdpjC6wQ8BcICygG","1782504366099","1782504363335"
"22","hospital owner , Bangladesh","জাপান বাংলাদেশ ফ্রেন্ডশিপ হাসপাতাল","Bus Stand  Plot # 55 সাতমসজিদ সড়ক  ঢাকা 1209","Bus Stand","ঢাকা","1209","ঢাকা 1209","BD","Asia/Dhaka","01711647877","01711-647877",,,"https://jbfh.org.bd/","jbfh.org.bd","বেসরকারী হাসপাতাল","ডাক্তার","Yes","439","3.9","open","শনিবার, Open 24 hours; রবিবার, Open 24 hours; সোমবার, Open 24 hours; মঙ্গলবার, Open 24 hours; বুধবার, Open 24 hours; বৃহস্পতিবার, Open 24 hours; শুক্রবার, Open 24 hours; ","Lat 23.739608999999998","Lng 90.3751448","23.739608999999998,90.3751448","7MMGP9QG+R3R","ChIJHdDTU7W4VTcRiEUwgwziWHc"," ","https://www.google.com/maps/place/?q=place_id:ChIJHdDTU7W4VTcRiEUwgwziWHc","8599872031832425864","https://www.google.com/search?kgmid=/g/1ptxshf7t","/g/1ptxshf7t","https://lh3.googleusercontent.com/gps-cs-s/APNQkAHpzSUaUIYGV5tyqiMxrpuPZNpmXmplIoewStXm4ZUOFdlY4OOzJnncFW_bshfb86gGn0fjOoYI4ALRXAfXq88oJFeZAeSM1JDYmYWlk2tdV30gI6ELEjnQOtPoHLunWS_ybaEr","https://t1.gstatic.com/faviconV2?client=SOCIAL&type=FAVICON&fallback_opts=TYPE,SIZE,URL&url=https://jbfh.org.bd/&size=48","https://search.google.com/local/reviews?placeid=ChIJHdDTU7W4VTcRiEUwgwziWHc&q=hospital+owner+,+Bangladesh&authuser=0&hl=bn&gl=BD"," "," "," "," "," "," "," ","0ahUKEwjup5Sc2qWVAxW-4jgGHdpjC6wQ8BcIKygH","1782504366101","1782504363335"
"23","hospital owner , Bangladesh","সেন্ট্রাল হাসপাতাল লিমিটেড","House # 2 সড়ক নং ৫  গ্রীন রোড  ঢাকা 1205","House # 2 সড়ক নং ৫","ঢাকা","1205","ঢাকা 1205","BD","Asia/Dhaka","0241060806","02-41060806",,"appointmentchl@gmail.com","http://www.centralhospitalltdbd.com/","centralhospitalltdbd.com","সাধারণ হাসপাতাল","ডাক্তার","Yes","797","3.9","open","শনিবার, Open 24 hours; রবিবার, Open 24 hours; সোমবার, Open 24 hours; মঙ্গলবার, Open 24 hours; বুধবার, Open 24 hours; বৃহস্পতিবার, Open 24 hours; শুক্রবার, Open 24 hours; ","Lat 23.743379299999997","Lng 90.38413589999999","23.743379299999997,90.38413589999999","7MMGP9VM+9M2","ChIJVXBIYLe4VTcRUM_Vclo7VDc"," ","https://www.google.com/maps/place/?q=place_id:ChIJVXBIYLe4VTcRUM_Vclo7VDc","3986876829789441872","https://www.google.com/search?kgmid=/g/1q6cf35jy","/g/1q6cf35jy","https://lh3.googleusercontent.com/gps-cs-s/APNQkAGecjuGDg-0hyyzVtvxAh2KGXx4wGWIwRQZylXDbDtJy79MJ0P1EYuIapw79qo4tSRRBrZ4PADZ3uv92_snJ2wtPC4GoIhGUCnHIHUksKP3zOz3MX5HKALMcm-R9QTkUTQKLcVp","https://t1.gstatic.com/faviconV2?client=SOCIAL&type=FAVICON&fallback_opts=TYPE,SIZE,URL&url=http://www.centralhospitalltdbd.com/&size=48","https://search.google.com/local/reviews?placeid=ChIJVXBIYLe4VTcRUM_Vclo7VDc&q=hospital+owner+,+Bangladesh&authuser=0&hl=bn&gl=BD","https://www.facebook.com/centralhospitallimited"," "," ",,"https://www.youtube.com/channel/UC9qqpj39tRiTxbj4Pu1GuhQ","Here, patients receive genuine care and comfort from experienced staff in pleasant, comfortable surroundings. You can relax, knowing that you are being looked",,"0ahUKEwjup5Sc2qWVAxW-4jgGHdpjC6wQ8BcIUygI","1782504366103","1782504363335"
"24","hospital owner , Bangladesh","বাংলাদেশ জেনারেল হসপিটাল  আতি বাজার","P8HM+VHH  Joynagar Near Ati Bazar Mosjid Market","P8HM+VHH"," "," ","Joynagar Near Ati Bazar Mosjid Market","BD","Asia/Dhaka","01813189900","01813-189900"," "," ",,,"হাসপাতাল"," ","Yes","14","4.6","open","শনিবার, Open 24 hours; রবিবার, Open 24 hours; সোমবার, Open 24 hours; মঙ্গলবার, Open 24 hours; বুধবার, Open 24 hours; বৃহস্পতিবার, Open 24 hours; শুক্রবার, Open 24 hours; ","Lat 23.729602399999997","Lng 90.3339615","23.729602399999997,90.3339615","7MMGP8HM+RHW","ChIJSQA43Ay_VTcR4EHjQBpBWec"," ","https://www.google.com/maps/place/?q=place_id:ChIJSQA43Ay_VTcR4EHjQBpBWec","16670427076702192096","https://www.google.com/search?kgmid=/g/11ncb7t37s","/g/11ncb7t37s","https://lh3.googleusercontent.com/gps-cs-s/APNQkAH-TnYsYApr9llKyv_trLi4mxYC4wOP2uOWCORqa2GKR--EOuGfdAuwep7lTph3NVtQkHQGj4rj4L0U-DMNJn6tHA5IcwuhUJAMK6ViL1nAmghVVnWC0QjqA2O9aL74PVupE-W2"," ","https://search.google.com/local/reviews?placeid=ChIJSQA43Ay_VTcR4EHjQBpBWec&q=hospital+owner+,+Bangladesh&authuser=0&hl=bn&gl=BD"," "," "," "," "," "," "," ","0ahUKEwjup5Sc2qWVAxW-4jgGHdpjC6wQ8BcIfigJ","1782504366105","1782504363335"
"25","hospital owner , Bangladesh","ইডেন মাল্টি-কেয়ার হসপিটাল","753 সাতমসজিদ সড়ক  ঢাকা 1209","753 সাতমসজিদ সড়ক","ঢাকা","1209","ঢাকা 1209","BD","Asia/Dhaka","02223371623","02223-371623"," "," ",,,"হাসপাতাল","ডাক্তার","No","207","3.6","open","শনিবার, Open 24 hours; রবিবার, Open 24 hours; সোমবার, Open 24 hours; মঙ্গলবার, Open 24 hours; বুধবার, Open 24 hours; বৃহস্পতিবার, Open 24 hours; শুক্রবার, Open 24 hours; ","Lat 23.7471763","Lng 90.3703115","23.7471763,90.3703115","7MMGP9WC+V4F","ChIJh9mUKEy_VTcR7calPFkkoPM"," ","https://www.google.com/maps/place/?q=place_id:ChIJh9mUKEy_VTcR7calPFkkoPM","17555071313178380013","https://www.google.com/search?kgmid=/g/1tvyk3d2","/g/1tvyk3d2","https://lh3.googleusercontent.com/gps-cs-s/APNQkAEmSGt2E8EdriPgqdTmhxTFEUJRjkQ9vfCeBoOhF9nhx_IblLLsYQZ57x2NSuHZB_83np-6bx0KsNyyvDOMcWHUreHzMstzDbjcrkA4l1ZpmQLtK_eVnGRga1y6i_PK6oh2g3E"," ","https://search.google.com/local/reviews?placeid=ChIJh9mUKEy_VTcR7calPFkkoPM&q=hospital+owner+,+Bangladesh&authuser=0&hl=bn&gl=BD"," "," "," "," "," "," "," ","0ahUKEwjup5Sc2qWVAxW-4jgGHdpjC6wQ8BcIpAEoCg","1782504366106","1782504363335"
"26","hospital owner , Bangladesh","স্কয়ার হাসপাতাল","18 Bir Uttam Qazi Nuruzzaman Sarak West  পান্থপথ  ঢাকা 1205","18 Bir Uttam Qazi Nuruzzaman Sarak West","ঢাকা","1205","ঢাকা 1205","BD","Asia/Dhaka","09610010616","09610-010616",,,"https://www.squarehospital.com/","squarehospital.com","হাসপাতাল"," ","Yes","3067","4.1","open","শনিবার, Open 24 hours; রবিবার, Open 24 hours; সোমবার, Open 24 hours; মঙ্গলবার, Open 24 hours; বুধবার, Open 24 hours; বৃহস্পতিবার, Open 24 hours; শুক্রবার, Open 24 hours; ","Lat 23.752843799999997","Lng 90.38155979999999","23.752843799999997,90.38155979999999","7MMGQ93J+4JM","ChIJvepSTq64VTcRwcKpyXMYOxE"," ","https://www.google.com/maps/place/?q=place_id:ChIJvepSTq64VTcRwcKpyXMYOxE","1241613007854355137","https://www.google.com/search?kgmid=/g/11fmgy9g_1","/g/11fmgy9g_1","https://lh3.googleusercontent.com/gps-cs-s/APNQkAHb4eQf4be18XGuTeQ_ftZWQd7K0yQMwFnbudekgqkeu3VuDWrfS0LfNEv-mszfZw0lJ_JkkmHW1NZWYsDhueGpoaUjmU0871GY4_fO7Vb-SnCTquQifi39WdT9FZWGU11TgiM","https://t1.gstatic.com/faviconV2?client=SOCIAL&type=FAVICON&fallback_opts=TYPE,SIZE,URL&url=https://www.squarehospital.com/&size=48","https://search.google.com/local/reviews?placeid=ChIJvepSTq64VTcRwcKpyXMYOxE&q=hospital+owner+,+Bangladesh&authuser=0&hl=bn&gl=BD","https://www.facebook.com/squarehospital","https://www.linkedin.com/company/square-hospitals-ltd/","https://www.twitter.com/squarehospital",,"https://www.youtube.com/squarehospital",,,"0ahUKEwjup5Sc2qWVAxW-4jgGHdpjC6wQ8BcIygEoCw","1782504366108","1782504363335"
"27","hospital owner , Bangladesh","ঢাকা হাসপাতাল","17 D.C RAY Rd  ঢাকা","17 D.C RAY Rd","ঢাকা"," ","ঢাকা","BD","Asia/Dhaka","0257310750","02-57310750"," "," ",,,"বেসরকারী হাসপাতাল","হাসপাতাল","Yes","102","3.7","open","শনিবার, Open 24 hours; রবিবার, Open 24 hours; সোমবার, Open 24 hours; মঙ্গলবার, Open 24 hours; বুধবার, Open 24 hours; বৃহস্পতিবার, Open 24 hours; শুক্রবার, Open 24 hours; ","Lat 23.7130789","Lng 90.4011022","23.7130789,90.4011022","7MMGPC72+6CQ","ChIJaVg3Dx25VTcRIplPXY5pi5w"," ","https://www.google.com/maps/place/?q=place_id:ChIJaVg3Dx25VTcRIplPXY5pi5w","11280225751851309346","https://www.google.com/search?kgmid=/g/11cltq612t","/g/11cltq612t","https://lh3.googleusercontent.com/gps-cs-s/APNQkAEaJLvELK62SiUtxj7UDKfaPhTThQfUal684kVG5Ru4JWaW0MTusg0rGY428cQsd8Jight8GpLnv1pIpyvpg8S1TnHSrQWfHA9R5Xf-Isccm--G3i2ou-qMptm94KQm4D01rQ_l0A"," ","https://search.google.com/local/reviews?placeid=ChIJaVg3Dx25VTcRIplPXY5pi5w&q=hospital+owner+,+Bangladesh&authuser=0&hl=bn&gl=BD"," "," "," "," "," "," "," ","0ahUKEwjup5Sc2qWVAxW-4jgGHdpjC6wQ8BcI8wEoDA","1782504366111","1782504363335"
"28","hospital owner , Bangladesh","কন্টিনেন্টাল হসপিটাল","Plot 15 রোড নং ৭১  ঢাকা 1212","Plot 15 রোড নং ৭১","ঢাকা","1212","ঢাকা 1212","BD","Asia/Dhaka","09666710666","09666-710666","+8802222262466 | +8809666710666","info@continental.health","https://continental.health/","continental.health","বেসরকারী হাসপাতাল","সাধারণ হাসপাতাল","Yes","2127","3.8","open","শনিবার, Open 24 hours; রবিবার, Open 24 hours; সোমবার, Open 24 hours; মঙ্গলবার, Open 24 hours; বুধবার, Open 24 hours; বৃহস্পতিবার, Open 24 hours; শুক্রবার, Open 24 hours; ","Lat 23.8050557","Lng 90.41540479999999","23.8050557,90.41540479999999","7MMGRC48+25C","ChIJFe1B2avHVTcRfAScTk7fUfE"," ","https://www.google.com/maps/place/?q=place_id:ChIJFe1B2avHVTcRfAScTk7fUfE","17388925163673486460","https://www.google.com/search?kgmid=/g/11h6q4v0ch","/g/11h6q4v0ch","https://lh3.googleusercontent.com/gps-cs-s/APNQkAFbi63wm7Dc-VGSAbJF7gbkmYMVlhI2z7Z2ziJYNtpVT9sa8b7N4kjnDusUOKGQxd0BWAiy2owwO-jNuJwDUEyMcl5Uh8UqyRzoC9RUcc4kWrHs1yfYsOmgTg9MaX4MkAH8umsSGQ","https://t1.gstatic.com/faviconV2?client=SOCIAL&type=FAVICON&fallback_opts=TYPE,SIZE,URL&url=https://continental.health/&size=48","https://search.google.com/local/reviews?placeid=ChIJFe1B2avHVTcRfAScTk7fUfE&q=hospital+owner+,+Bangladesh&authuser=0&hl=bn&gl=BD","https://www.facebook.com/continental.hospital.bd/"," "," ","https://www.instagram.com/continentalhospitalplc","https://www.youtube.com/@continentalhospitalplc","Continental Hospital was borne out of a vision to provide a complete and one-stop healthcare solution to the people of Bangladesh. Offering world-class medical services and treatment facilities.","Home,HomePage,Hospital in Bangladesh,Best Medical Services Dhaka,Continental Hospital,One-stop healthcare Bangladesh","0ahUKEwjup5Sc2qWVAxW-4jgGHdpjC6wQ8BcImAIoDQ","1782504366113","1782504363335"
"29","hospital owner , Bangladesh","বি আর বি হসপিটালস লিমিটেড","77/A পান্থপথ  ঢাকা 1215","77/A পান্থপথ","ঢাকা","1215","ঢাকা 1215","BD","Asia/Dhaka","09610010647","09610-010647",,,"http://www.brbhospital.com/","brbhospital.com","হাসপাতাল"," ","Yes","1037","3.7","open","শনিবার, Open 24 hours; রবিবার, Open 24 hours; সোমবার, Open 24 hours; মঙ্গলবার, Open 24 hours; বুধবার, Open 24 hours; বৃহস্পতিবার, Open 24 hours; শুক্রবার, Open 24 hours; ","Lat 23.7522514","Lng 90.38554889999999","23.7522514,90.38554889999999","7MMGQ92P+W63","ChIJc8P4J724VTcRetQzNU553zk"," ","https://www.google.com/maps/place/?q=place_id:ChIJc8P4J724VTcRetQzNU553zk","4170185156775367802","https://www.google.com/search?kgmid=/g/11c5rv26l1","/g/11c5rv26l1","https://lh3.googleusercontent.com/gps-cs-s/APNQkAFN6HzzGee2nahL1I_HlG5kAIMHyt6PYBrk3GlXPb98K20Yd5Q_9A611unQI8QxzVJp9lCA1oC0-4zjtOM7kV8U2RAkYaAkzOoLeK90OWHKAUlriFx2IkhIJrmyocAY8PDTCJax","https://t1.gstatic.com/faviconV2?client=SOCIAL&type=FAVICON&fallback_opts=TYPE,SIZE,URL&url=http://www.brbhospital.com/&size=48","https://search.google.com/local/reviews?placeid=ChIJc8P4J724VTcRetQzNU553zk&q=hospital+owner+,+Bangladesh&authuser=0&hl=bn&gl=BD","https://www.facebook.com/brbhospitalslimited","https://bd.linkedin.com/brbhospital","https://twitter.com/brbhospital",,"https://www.youtube.com/channel/brbhospital",,,"0ahUKEwjup5Sc2qWVAxW-4jgGHdpjC6wQ8BcIvwIoDg","1782504366115","1782504363335"
"30","hospital owner , Bangladesh","বাংলাদেশ স্পেশালাইজড হাসপাতাল পিএলসি","21 মিরপুর সড়ক  ঢাকা 1207","21 মিরপুর সড়ক","ঢাকা","1207","ঢাকা 1207","BD","Asia/Dhaka","09666700100","09666-700100",,,"http://www.bdspecializedhospital.com/","bdspecializedhospital.com","বেসরকারী হাসপাতাল","ডায়াগনিস্টিক কেন্দ্র","Yes","1696","3.5","open","শনিবার, Open 24 hours; রবিবার, Open 24 hours; সোমবার, Open 24 hours; মঙ্গলবার, Open 24 hours; বুধবার, Open 24 hours; বৃহস্পতিবার, Open 24 hours; শুক্রবার, Open 24 hours; ","Lat 23.776352499999998","Lng 90.3630434","23.776352499999998,90.3630434","7MMGQ9G7+G6V","ChIJwafh4brAVTcRp3SVkUmhLIs"," ","https://www.google.com/maps/place/?q=place_id:ChIJwafh4brAVTcRp3SVkUmhLIs","10028567807594427559","https://www.google.com/search?kgmid=/g/11clwbql4_","/g/11clwbql4_","https://lh3.googleusercontent.com/gps-cs-s/APNQkAGhXeLLqY9u4sfBOKqrsld7MsaAHwAApAJ69ShLS-ZiaMKEU8hztbFpxgT-mgNZHf2nQnnpmFN2_NA6W7xFxn9GyEtK9b7wHqqS5QPDxpcDGWehAB97y9DHFw8QERRz-vdMjPfc","https://t1.gstatic.com/faviconV2?client=SOCIAL&type=FAVICON&fallback_opts=TYPE,SIZE,URL&url=http://www.bdspecializedhospital.com/&size=48","https://search.google.com/local/reviews?placeid=ChIJwafh4brAVTcRp3SVkUmhLIs&q=hospital+owner+,+Bangladesh&authuser=0&hl=bn&gl=BD","https://www.facebook.com/bdspecializedhospital","https://www.linkedin.com/company/bangladesh-specialized-hospital-plc/mycompany/?viewAsMember=true"," ",,"https://www.youtube.com/channel/UCsKihnoK3UAjXMKcRHsT_9Q","Bangladesh Specialized Hospital PLC. (BSH)is established with a vision to achieve excellence in the field of Health Care and Research. A warm and friendly ambience, high quality medical services and personalized nursing care have been the hallmarks of our hospital",,"0ahUKEwjup5Sc2qWVAxW-4jgGHdpjC6wQ8BcI6AIoDw","1782504366117","1782504363335"
"31","hospital owner , Bangladesh","বাংলাদেশ সিটি হসপিটাল","M8M5+VCJ  R820  রোহিতপুর","M8M5+VCJ","রোহিতপুর"," ","রোহিতপুর","BD","Asia/Dhaka","01817127377","01817-127377",,,"http://bangladeshcityhospital.com/","bangladeshcityhospital.com","হাসপাতাল"," ","No","5","4.8","open","শনিবার, Open 24 hours; রবিবার, Open 24 hours; সোমবার, Open 24 hours; মঙ্গলবার, Open 24 hours; বুধবার, Open 24 hours; বৃহস্পতিবার, Open 24 hours; শুক্রবার, Open 24 hours; ","Lat 23.684673699999998","Lng 90.3084137","23.684673699999998,90.3084137","7MMGM8M5+V97","ChIJf95Nzoa_VTcRLre0YG9kmwc"," ","https://www.google.com/maps/place/?q=place_id:ChIJf95Nzoa_VTcRLre0YG9kmwc","548142209182250798","https://www.google.com/search?kgmid=/g/11khrff3ms","/g/11khrff3ms","https://lh3.googleusercontent.com/gps-cs-s/APNQkAEp3qWS-_0xCvD7AGz5JE2jVlFLdsGKGtfQfrbfD5c0by09-_GqoJsio3SAJzIi3f_uyoy4UILVskqiad1RXGh6H7XNb4Pd161kxCROnZqdLYcNONOb70_gU2WGeZFqR-7ke9_ntNLMYL0","https://t1.gstatic.com/faviconV2?client=SOCIAL&type=FAVICON&fallback_opts=TYPE,SIZE,URL&url=http://bangladeshcityhospital.com/&size=48","https://search.google.com/local/reviews?placeid=ChIJf95Nzoa_VTcRLre0YG9kmwc&q=hospital+owner+,+Bangladesh&authuser=0&hl=bn&gl=BD"," "," "," ",,,,,"0ahUKEwjup5Sc2qWVAxW-4jgGHdpjC6wQ8BcIjwMoEA","1782504366118","1782504363335"
"32","hospital owner , Bangladesh","বাংলাদেশ মেডিকেল কলেজ হাসপাতাল","সড়ক নং ১৪এ  ঢাকা 1209","সড়ক নং ১৪এ","ঢাকা","1209","ঢাকা 1209","BD","Asia/Dhaka","0244812101","02-44812101",,"bmcoffic.09@gmail.com","http://www.bmc-bd.org/","bmc-bd.org","বেসরকারী হাসপাতাল"," ","Yes","1108","4","open","শনিবার, Open 24 hours; রবিবার, Open 24 hours; সোমবার, Open 24 hours; মঙ্গলবার, Open 24 hours; বুধবার, Open 24 hours; বৃহস্পতিবার, Open 24 hours; শুক্রবার, Open 24 hours; ","Lat 23.7503982","Lng 90.3698206","23.7503982,90.3698206","7MMGQ929+5W4","ChIJLznwi0G_VTcRcbmHZWYiREc"," ","https://www.google.com/maps/place/?q=place_id:ChIJLznwi0G_VTcRcbmHZWYiREc","5135267298294610289","https://www.google.com/search?kgmid=/m/027b2d3","/m/027b2d3","https://lh3.googleusercontent.com/gps-cs-s/APNQkAFENEWoEX7VDI9Y-SwYaH3OxGaxWgIEbgnVfmdkrV3OED6G9Z7etaWJsp60gAvyUcTFD7MwwUs5KVErOyIAtejuGX3cXWzILEnxd_tvvPrMuoYMuRS2l62-TLu5TOU0kgwaH7MIPbybhtA2","https://t1.gstatic.com/faviconV2?client=SOCIAL&type=FAVICON&fallback_opts=TYPE,SIZE,URL&url=http://www.bmc-bd.org/&size=48","https://search.google.com/local/reviews?placeid=ChIJLznwi0G_VTcRcbmHZWYiREc&q=hospital+owner+,+Bangladesh&authuser=0&hl=bn&gl=BD"," "," "," ",,,,,"0ahUKEwjup5Sc2qWVAxW-4jgGHdpjC6wQ8BcIuAMoEQ","1782504366119","1782504363335"
"33","hospital owner , Bangladesh","হেলথ এন্ড হোপ হাসপাতাল","152/2/G  Panthapath গ্রীন রোড  ঢাকা 1205","152/2/G","ঢাকা","1205","ঢাকা 1205","BD","Asia/Dhaka","01611216232","01611-216232","+8801611216232","info@healthandhopebd.net","https://healthandhopebd.net/","healthandhopebd.net","হাসপাতাল","ডাক্তার","Yes","282","3.9","open","শনিবার, Open 24 hours; রবিবার, Open 24 hours; সোমবার, Open 24 hours; মঙ্গলবার, Open 24 hours; বুধবার, Open 24 hours; বৃহস্পতিবার, Open 24 hours; শুক্রবার, Open 24 hours; ","Lat 23.7516276","Lng 90.3855763","23.7516276,90.3855763","7MMGQ92P+M64","ChIJS_BJOKW4VTcRchZJG941_4o"," ","https://www.google.com/maps/place/?q=place_id:ChIJS_BJOKW4VTcRchZJG941_4o","10015783324352058994","https://www.google.com/search?kgmid=/g/1hjhbjcj_","/g/1hjhbjcj_","https://lh3.googleusercontent.com/gps-cs-s/APNQkAGltd4bAF2pbqraA8917mHUqmrSyHR0IowuhjvYs5OiUKOOehxx3V4gM0XQyB-sIgv769KvgYbnMS6Xw0lkJI7Ghxd8ylLSEnLwEh4QfB2KS9fekAi7FuZcmHKjBlT-YZ_rfHCOMQ","https://t1.gstatic.com/faviconV2?client=SOCIAL&type=FAVICON&fallback_opts=TYPE,SIZE,URL&url=https://healthandhopebd.net/&size=48","https://search.google.com/local/reviews?placeid=ChIJS_BJOKW4VTcRchZJG941_4o&q=hospital+owner+,+Bangladesh&authuser=0&hl=bn&gl=BD","https://www.facebook.com/healthandhopebd/","https://www.linkedin.com/company/esteemsoftbd","https://twitter.com/esteemsoft","https://www.instagram.com/esteemsoft/","https://www.youtube.com/@healthandhopehospital8958",,"  Esteem Soft Limited | Dhaka | bd | Bangladesh  ","0ahUKEwjup5Sc2qWVAxW-4jgGHdpjC6wQ8BcI3gMoEg","1782504366120","1782504363335"
"34","hospital owner , Bangladesh","ল্যাবএইড কার্ডিয়াক হাসপাতাল","House-01 & 03  রোড-০৪  ঢাকা 1205","House-01 & 03","ঢাকা","1205","ঢাকা 1205","BD","Asia/Dhaka","09666710606","09666-710606",,,"http://www.labaidgroup.com/cardiac","labaidgroup.com","বিশেষায়িত হাসপাতাল","হাসপাতাল","Yes","501","3.9","open","শনিবার, Open 24 hours; রবিবার, Open 24 hours; সোমবার, Open 24 hours; মঙ্গলবার, Open 24 hours; বুধবার, Open 24 hours; বৃহস্পতিবার, Open 24 hours; শুক্রবার, Open 24 hours; ","Lat 23.741668","Lng 90.38315879999999","23.741668,90.38315879999999","7MMGP9RM+M77","ChIJTWqomLe4VTcRJSRwKX6DjN8"," ","https://www.google.com/maps/place/?q=place_id:ChIJTWqomLe4VTcRJSRwKX6DjN8","16108394545081754661","https://www.google.com/search?kgmid=/g/11c1q7y_ng","/g/11c1q7y_ng","https://lh3.googleusercontent.com/gps-cs-s/APNQkAFOhQZ8QM-YONnA1w5x_eNvYAXT1YJ7x7dxQVk7pruamQdkB1NW6kM1DXOX2ftDmvxuCnPyoB9tCZzugY0QiNAKFuYGiRPn_L3Dmzct-D7S9Wz_Fdt9K-BS7c5qjOX6Ekb8FbqpRA","https://t1.gstatic.com/faviconV2?client=SOCIAL&type=FAVICON&fallback_opts=TYPE,SIZE,URL&url=http://www.labaidgroup.com/cardiac&size=48","https://search.google.com/local/reviews?placeid=ChIJTWqomLe4VTcRJSRwKX6DjN8&q=hospital+owner+,+Bangladesh&authuser=0&hl=bn&gl=BD"," "," "," "," "," "," "," ","0ahUKEwjup5Sc2qWVAxW-4jgGHdpjC6wQ8BcIhwQoEw","1782504366121","1782504363335"
"35","hospital owner , Bangladesh","হসপিটাল 27 প্লাস","House# 16  Road# 16 Old 27/ Genetic Palaza Dhanmondi  Dhaka  1209","House# 16  Road# 16 Old 27/ Genetic Palaza Dhanmondi  Dhaka","ঢাকা","1209","1209","BD","Asia/Dhaka","0248118146","02-48118146"," "," ",,,"হাসপাতাল"," ","No","55","2.6","open","শনিবার, Open 24 hours; রবিবার, Open 24 hours; সোমবার, Open 24 hours; মঙ্গলবার, Open 24 hours; বুধবার, Open 24 hours; বৃহস্পতিবার, Open 24 hours; শুক্রবার, Open 24 hours; ","Lat 23.755429","Lng 90.3731043","23.755429,90.3731043","7MMGQ94F+56H","ChIJ2yi7-aa_VTcRMhrleTW9o88"," ","https://www.google.com/maps/place/?q=place_id:ChIJ2yi7-aa_VTcRMhrleTW9o88","14962010424430893618","https://www.google.com/search?kgmid=/g/11q1qbhc_v","/g/11q1qbhc_v","https://lh3.googleusercontent.com/gps-cs-s/APNQkAGLFNz2K9Rb8Y8uOq8tCWi2o9kTZwEBwzIn-MXQVupyuoKnSnEEGJ_v_lvUIetyg1o0BJv59PiWt2s4u-ac64gR8bbkq1jY2lZMrSqwzCJBVyL-9_UdEvvn4EKLdQMMvqmFN8rLRQ"," ","https://search.google.com/local/reviews?placeid=ChIJ2yi7-aa_VTcRMhrleTW9o88&q=hospital+owner+,+Bangladesh&authuser=0&hl=bn&gl=BD"," "," "," "," "," "," "," ","0ahUKEwjup5Sc2qWVAxW-4jgGHdpjC6wQ8BcIsAQoFA","1782504366122","1782504363335"
"36","hospital owner , Bangladesh","সিটি হাসপাতাল এন্ড ডায়াগনস্টিক সেন্টার","House No#1  8 সাতমসজিদ সড়ক  ঢাকা 1207","House No#1","ঢাকা","1207","ঢাকা 1207","BD","Asia/Dhaka","01815484600","01815-484600"," "," ",,,"বেসরকারী হাসপাতাল","সাধারণ হাসপাতাল","No","425","3.8","open","শনিবার, Open 24 hours; রবিবার, Open 24 hours; সোমবার, Open 24 hours; মঙ্গলবার, Open 24 hours; বুধবার, Open 24 hours; বৃহস্পতিবার, Open 24 hours; শুক্রবার, Open 24 hours; ","Lat 23.7540074","Lng 90.3654895","23.7540074,90.3654895","7MMGQ938+J55","ChIJSRA-gFC_VTcRQAbrm4TL_U8"," ","https://www.google.com/maps/place/?q=place_id:ChIJSRA-gFC_VTcRQAbrm4TL_U8","5763986868516095552","https://www.google.com/search?kgmid=/g/1tcwdbdt","/g/1tcwdbdt","https://lh3.googleusercontent.com/gps-cs-s/APNQkAGUf5ki8UE9QERtm-OUOtVovFHWHQhb9_i7gguqTSp8uq0EsNbxY7SCT6Ws19jVof9cBNnpkX8w-pw_r8xgjo0qQ0mL-VKfHcHMHWAWzA0P6TCaB2fP3U6YBo-m5jI5Ab5DCCmE"," ","https://search.google.com/local/reviews?placeid=ChIJSRA-gFC_VTcRQAbrm4TL_U8&q=hospital+owner+,+Bangladesh&authuser=0&hl=bn&gl=BD"," "," "," "," "," "," "," ","0ahUKEwjup5Sc2qWVAxW-4jgGHdpjC6wQ8BcI1gQoFQ","1782504366122","1782504363335"
"37","hospital owner , Bangladesh","গ্রিন লাইফ হসপিটাল এলটিডি.","Green Life Hospital  32  Green Road(Bir Uttam KM Shafiullah Sarak  32 গ্রীন রোড  ঢাকা 1205","Green Life Hospital","ঢাকা","1205","32  Green Road(Bir Uttam KM Shafiullah Sarak","BD","Asia/Dhaka","029612345","02-9612345","+8801912502025 | +8801768896433 | +88029612345 | +8801618800088","info@greenlifehospital.com.bd | roydebbrota@gmail.com","https://greenlifehospital.com.bd/","greenlifehospital.com.bd","হাসপাতাল"," ","Yes","106","3.5","open","শনিবার, Open 24 hours; রবিবার, Open 24 hours; সোমবার, Open 24 hours; মঙ্গলবার, Open 24 hours; বুধবার, Open 24 hours; বৃহস্পতিবার, Open 24 hours; শুক্রবার, Open 24 hours; ","Lat 23.7466132","Lng 90.38570659999999","23.7466132,90.38570659999999","7MMGP9WP+J7W","ChIJhYjaejW5VTcRthU9rwNFM_Q"," ","https://www.google.com/maps/place/?q=place_id:ChIJhYjaejW5VTcRthU9rwNFM_Q","17596484051193894326","https://www.google.com/search?kgmid=/g/11h5sywq1b","/g/11h5sywq1b","https://lh3.googleusercontent.com/gps-cs-s/APNQkAEVT9eSpg_3uF-qbD9loFqoXexwEH3ouXnnJFnm2WdTXFk10w5Y4hARMUwX-Q_hFH25J0Xo_6BBx07iRdHHpl1pKM0GxcDf5vNO3HOeXHEiQgVzu6g3MabrU7yn3EYeO35kIZv8Ag","https://t1.gstatic.com/faviconV2?client=SOCIAL&type=FAVICON&fallback_opts=TYPE,SIZE,URL&url=https://greenlifehospital.com.bd/&size=48","https://search.google.com/local/reviews?placeid=ChIJhYjaejW5VTcRthU9rwNFM_Q&q=hospital+owner+,+Bangladesh&authuser=0&hl=bn&gl=BD","https://www.facebook.com/greenlifehospital.official/","https://www.linkedin.com/company/green-life-hospital-ltd"," ",,"https://www.youtube.com/@greenlifehospitalltd.","Green Life Hospital Ltd is a top multi-disciplinary hospital in Bangladesh, providing international standard specialized healthcare services in Dhaka.",,"0ahUKEwjup5Sc2qWVAxW-4jgGHdpjC6wQ8BcI_gQoFg","1782504366123","1782504363335"
"38","hospital owner , Bangladesh","শমরিতা হাসপাতাল লিঃ","৮৯  ১ পান্থপথ  ঢাকা 1215","৮৯","ঢাকা","1215","ঢাকা 1215","BD","Asia/Dhaka","0248117619","02-48117619","+880248115405 | +880241010935 | +880241010936 | +880241010937 | +880241010938 | +880248116739 | +880248117614",,"http://samoritahospital.org/","samoritahospital.org","হাসপাতাল"," ","Yes","555","4","open","শনিবার, Open 24 hours; রবিবার, Open 24 hours; সোমবার, Open 24 hours; মঙ্গলবার, Open 24 hours; বুধবার, Open 24 hours; বৃহস্পতিবার, Open 24 hours; শুক্রবার, Open 24 hours; ","Lat 23.7526151","Lng 90.3851885","23.7526151,90.3851885","7MMGQ93P+23W","ChIJZdjHFKW4VTcR-UY8qw0dRtM"," ","https://www.google.com/maps/place/?q=place_id:ChIJZdjHFKW4VTcR-UY8qw0dRtM","15223887534917175033","https://www.google.com/search?kgmid=/g/1hf3jc1qg","/g/1hf3jc1qg","https://lh3.googleusercontent.com/gps-cs-s/APNQkAFRFvpJ_kKvSPXOR4iDc-fXPJP7eyZYdTsMujHgJeOPgTU4_-ZZUKePQdD0N9oDAdzY5HogahZOoe6FvZtpogvoUGD4MXfG_xFe7zZ_LUtnBMCvwryYthby2yrEtxBpiwtmX8X1","https://t1.gstatic.com/faviconV2?client=SOCIAL&type=FAVICON&fallback_opts=TYPE,SIZE,URL&url=http://samoritahospital.org/&size=48","https://search.google.com/local/reviews?placeid=ChIJZdjHFKW4VTcR-UY8qw0dRtM&q=hospital+owner+,+Bangladesh&authuser=0&hl=bn&gl=BD","https://www.facebook.com/samoritahospital","https://www.linkedin.com/company/samorita-hospital-ltd/"," ",,"https://www.youtube.com/@samoritahospitalltd",,,"0ahUKEwjup5Sc2qWVAxW-4jgGHdpjC6wQ8BcIqAUoFw","1782504366124","1782504363335"
"39","hospital owner , Bangladesh","নিউ লাইফ হাসপাতাল লিমিটেড","25/A গ্রীন রোড  ঢাকা 1205","25/A গ্রীন রোড","ঢাকা","1205","ঢাকা 1205","BD","Asia/Dhaka","01873966188","01873-966188",,,"https://www.newlifehospital.bd/","newlifehospital.bd","হাসপাতাল"," ","Yes","98","3.3","open","শনিবার, Open 24 hours; রবিবার, Open 24 hours; সোমবার, Open 24 hours; মঙ্গলবার, Open 24 hours; বুধবার, Open 24 hours; বৃহস্পতিবার, Open 24 hours; শুক্রবার, Open 24 hours; ","Lat 23.7453889","Lng 90.3853333","23.7453889,90.3853333","7MMGP9WP+544","ChIJCyzp3Tm5VTcRDT5JPzn2MRY"," ","https://www.google.com/maps/place/?q=place_id:ChIJCyzp3Tm5VTcRDT5JPzn2MRY","1599330068428570125","https://www.google.com/search?kgmid=/g/11j1ws8983","/g/11j1ws8983","https://lh3.googleusercontent.com/gps-cs-s/APNQkAG8Wt_D_Ly-qv-DEBT7rZQ8NdeJ1vVXAYyArIejpnmjES11hVNxFR0dwzvIkb1uz4-OB1Zi1EYsbVEmnyT_vKIcfm0wGIQseHy6x_Sra9jj9VJoohYPIBgE-i-kVPutw0lTSKZy","https://t1.gstatic.com/faviconV2?client=SOCIAL&type=FAVICON&fallback_opts=TYPE,SIZE,URL&url=https://www.newlifehospital.bd/&size=48","https://search.google.com/local/reviews?placeid=ChIJCyzp3Tm5VTcRDT5JPzn2MRY&q=hospital+owner+,+Bangladesh&authuser=0&hl=bn&gl=BD"," "," "," ",,,,,"0ahUKEwiI1Yij2qWVAxWDwTgGHabWKjEQ8BcICygG","1782504380534","1782504363335"
"40","hospital owner , Bangladesh","এস আই বি এল ফাউন্ডেশন হসপিটাল","Fattah Plaza  পান্থপথ  70 গ্রীন রোড  1205","Fattah Plaza","ঢাকা","1205","পান্থপথ","BD","Asia/Dhaka","01991150900","01991-150900"," "," ",,,"হাসপাতাল"," ","Yes","73","3.4","open","শনিবার, Open 24 hours; রবিবার, Open 24 hours; সোমবার, Open 24 hours; মঙ্গলবার, Open 24 hours; বুধবার, Open 24 hours; বৃহস্পতিবার, Open 24 hours; শুক্রবার, Open 24 hours; ","Lat 23.750673799999998","Lng 90.3871236","23.750673799999998,90.3871236","7MMGQ92P+7R9","ChIJ0bESs5i5VTcRnwwaZh0HGlU"," ","https://www.google.com/maps/place/?q=place_id:ChIJ0bESs5i5VTcRnwwaZh0HGlU","6132221665466780831","https://www.google.com/search?kgmid=/g/11j3v83_47","/g/11j3v83_47","https://lh3.googleusercontent.com/gps-cs-s/APNQkAEXC2IX-DaQ1xuzBhtyKs3b56mAjj501Ow0T9-e88780nrOLqlEG1bazjvX_CkPJjlnwtUhvor4-L2C_IdEKas9zYVaIF0EjnUs4qPLAu2YZYfde14l5t-SEZd1FPkfpxsx3rWeww"," ","https://search.google.com/local/reviews?placeid=ChIJ0bESs5i5VTcRnwwaZh0HGlU&q=hospital+owner+,+Bangladesh&authuser=0&hl=bn&gl=BD"," "," "," "," "," "," "," ","0ahUKEwjup5Sc2qWVAxW-4jgGHdpjC6wQ8BcI0wUoGA","1782504366125","1782504363335"